date,open,high,low,close,volume
2006-03-20,554.05,556.5,550.05,555.0,3021
2006-03-21,555.0,555.5,547.05,552.2,4546
2006-03-22,552.2,553.55,546.95,550.9,3847
2006-03-23,550.9,551.45,544.35,549.85,4141
2006-03-24,549.95,561.35,548.95,560.45,3892
2006-03-27,560.45,568.75,558.65,567.3,4057
2006-03-28,567.1,569.65,562.65,563.8,4012
2006-03-29,563.8,574.25,560.25,573.6,3827
2006-03-30,573.6,589.55,571.45,588.45,5192
2006-03-31,588.25,588.8,579.05,583.65,4227
2006-04-03,583.65,591.95,582.25,587.8,3679
2006-04-04,587.9,590.45,584.85,586.8,5925
2006-04-05,587.0,589.85,582.35,588.4,6571
2006-04-06,588.3,597.15,586.95,595.4,6881
2006-04-07,595.4,598.55,585.35,588.85,6920
2006-04-10,588.85,599.8,588.85,599.7,5990
2006-04-11,599.7,604.2,593.05,593.5,7083
2006-04-12,593.5,600.25,593.1,598.35,6074
2006-04-13,598.35,598.75,590.85,596.5,6442
2006-04-14,596.5,599.2,596.5,596.65,116
2006-04-17,599.15,615.8,599.15,613.5,3633
2006-04-18,613.7,622.1,612.65,620.9,5804
2006-04-19,621.0,642.5,621.0,639.9,7012
2006-04-20,640.0,645.75,607.1,612.6,6255
2006-04-21,612.9,634.2,610.75,633.85,3216
2006-04-24,633.85,640.85,618.95,621.0,4946
2006-04-25,621.1,635.1,619.5,630.1,3700
2006-04-26,630.2,641.45,628.4,638.75,3840
2006-04-27,638.95,643.75,626.75,633.6,4119
2006-04-28,633.7,655.8,633.6,654.95,4872
2006-05-01,654.55,661.8,651.1,655.15,3626
2006-05-02,655.25,669.6,653.05,668.6,5805
2006-05-03,668.6,677.65,658.35,667.2,5501
2006-05-04,667.2,680.2,661.05,679.3,6024
2006-05-05,679.3,685.3,675.2,683.55,5782
2006-05-08,683.45,686.25,671.65,678.9,5286
2006-05-09,679.6,700.7,678.3,700.6,4930
2006-05-10,700.5,708.9,693.9,708.2,5661
2006-05-11,708.3,726.45,704.25,714.25,5938
2006-05-12,714.25,730.45,708.5,715.05,5584
2006-05-15,714.55,720.35,676.6,677.4,5442
2006-05-16,677.5,693.2,674.7,690.2,5393
2006-05-17,690.4,716.5,685.1,687.15,5937
2006-05-18,687.25,694.9,678.6,682.65,5607
2006-05-19,682.85,689.3,650.9,658.45,5745
2006-05-22,658.65,661.45,636.5,655.85,4008
2006-05-23,656.45,674.7,651.45,666.3,4743
2006-05-24,666.1,670.75,636.1,640.6,5448
2006-05-25,640.8,652.2,638.6,651.25,4187
2006-05-26,651.25,655.55,640.7,653.75,3249
2006-05-29,652.3,654.6,649.95,649.95,1089
2006-05-30,651.15,665.35,648.55,652.75,4163
2006-05-31,652.65,660.0,638.8,645.1,4304
2006-06-01,645.0,645.8,621.0,629.3,4289
2006-06-02,629.5,639.2,619.3,638.15,4490
2006-06-05,638.55,645.85,635.35,636.95,5236
2006-06-06,637.05,639.35,625.85,630.75,4206
2006-06-07,630.7,631.45,616.95,626.85,5444
2006-06-08,626.95,627.95,607.95,612.9,6027
2006-06-09,612.8,618.0,601.45,607.95,5650
2006-06-12,607.45,612.05,602.85,604.6,3656
2006-06-13,604.6,605.45,561.45,562.95,5193
2006-06-14,562.25,571.5,542.25,559.75,4086
2006-06-15,559.75,578.85,554.25,576.25,4322
2006-06-16,576.75,584.8,567.05,581.15,3275
2006-06-19,580.65,580.65,564.35,565.35,4668
2006-06-20,565.25,578.4,561.2,575.85,5434
2006-06-21,575.65,591.25,570.45,587.7,5411
2006-06-22,588.2,595.15,579.4,581.0,4448
2006-06-23,580.8,586.65,571.75,583.05,4656
2006-06-26,583.4,587.4,577.45,585.05,5552
2006-06-27,585.0,596.45,579.0,579.0,5890
2006-06-28,578.9,587.05,577.05,580.5,3031
2006-06-29,580.8,600.7,579.4,599.8,3406
2006-06-30,599.5,616.55,597.5,615.85,3465
2006-07-03,615.8,625.05,615.8,623.8,715
2006-07-04,623.8,623.85,617.2,621.85,389
2006-07-05,621.8,630.6,617.45,628.1,3880
2006-07-06,628.1,635.05,622.95,632.95,3886
2006-07-07,633.45,637.7,627.6,629.25,5090
2006-07-10,630.8,632.5,620.6,624.25,4073
2006-07-11,624.35,643.45,621.7,641.15,4055
2006-07-12,641.05,655.5,639.3,651.9,4717
2006-07-13,651.6,660.45,644.8,659.85,5571
2006-07-14,660.15,667.8,659.4,664.15,4212
2006-07-17,666.1,677.15,640.95,643.25,4017
2006-07-18,643.45,654.8,627.7,633.2,4786
2006-07-19,632.4,646.6,618.1,642.9,4264
2006-07-20,643.2,645.7,627.9,629.3,3728
2006-07-21,629.1,637.7,615.75,619.75,4431
2006-07-24,621.5,621.5,602.35,615.1,4437
2006-07-25,614.9,624.2,610.05,619.05,3678
2006-07-26,618.95,627.5,613.15,624.6,3409
2006-07-27,624.4,641.6,622.3,634.4,2952
2006-07-28,634.6,638.75,626.3,634.75,2625
2006-07-31,635.7,639.8,628.95,636.65,2727
2006-08-01,636.25,648.45,630.65,647.2,2962
2006-08-02,647.4,656.3,645.5,651.35,3399
2006-08-03,651.25,653.1,639.1,645.05,3224
2006-08-04,644.95,654.75,643.75,646.45,4565
2006-08-07,646.45,652.15,645.55,648.7,5977
2006-08-08,648.2,649.45,641.4,642.5,5228
2006-08-09,642.9,655.2,635.4,650.1,6716
2006-08-10,650.5,654.1,634.75,636.5,6309
2006-08-11,636.4,645.35,626.35,632.55,5936
2006-08-14,628.35,633.55,624.0,626.8,8262
2006-08-15,627.5,628.85,620.8,624.9,4981
2006-08-16,625.0,632.8,624.0,628.9,5810
2006-08-17,629.0,632.3,613.7,614.0,5499
2006-08-18,614.2,619.35,607.15,614.85,5037
2006-08-21,614.0,628.7,613.75,627.9,5306
2006-08-22,627.85,629.55,620.7,624.9,5950
2006-08-23,624.9,630.85,621.8,622.1,6723
2006-08-24,622.4,626.65,619.3,622.0,9424
2006-08-25,622.0,624.65,618.2,622.65,8011
2006-08-28,622.75,623.95,612.75,614.9,2841
2006-08-29,614.7,618.0,607.3,615.1,10630
2006-08-30,615.1,621.0,612.8,618.9,6512
2006-08-31,618.9,627.3,618.0,627.0,7748
2006-09-01,626.6,627.55,619.25,626.15,6352
2006-09-04,626.15,628.1,626.05,626.35,1968
2006-09-05,626.75,640.45,626.4,638.35,9211
2006-09-06,638.75,640.35,631.25,633.75,8188
2006-09-07,633.75,636.35,614.05,616.6,10121
2006-09-08,616.9,619.5,606.5,610.75,10018
2006-09-11,610.35,612.75,583.1,588.75,14533
2006-09-12,589.55,600.05,584.55,587.15,7805
2006-09-13,587.05,593.7,579.0,589.95,8988
2006-09-14,590.85,595.3,574.8,575.2,8093
2006-09-15,575.2,582.4,570.9,579.55,8201
2006-09-18,579.55,588.3,578.3,587.2,6860
2006-09-19,587.2,589.2,572.55,573.5,7459
2006-09-20,572.7,586.5,572.2,576.7,6432
2006-09-21,576.8,585.4,574.7,584.2,8428
2006-09-22,584.4,592.7,584.2,589.65,4638
2006-09-25,590.05,592.0,582.3,590.7,6362
2006-09-26,590.5,594.0,586.1,591.8,7358
2006-09-27,591.8,603.65,589.8,603.0,10775
2006-09-28,603.4,607.1,600.4,601.1,6960
2006-09-29,601.5,603.8,594.4,598.25,6459
2006-10-02,598.45,604.15,594.75,596.7,7024
2006-10-03,596.1,598.5,573.8,574.8,11282
2006-10-04,575.1,581.15,559.7,566.9,10236
2006-10-05,566.6,574.85,562.5,574.3,9422
2006-10-06,574.3,574.3,560.75,574.05,7301
2006-10-09,573.65,581.15,571.75,577.2,8793
2006-10-10,576.7,581.75,569.35,572.9,13275
2006-10-11,572.9,579.35,570.35,573.3,13516
2006-10-12,573.3,579.2,571.25,579.1,15132
2006-10-13,579.1,590.55,577.15,590.45,16024
2006-10-16,591.85,596.45,590.15,595.9,13735
2006-10-17,595.9,597.9,586.15,590.3,14999
2006-10-18,590.3,595.35,587.45,590.3,14808
2006-10-19,590.3,600.95,586.35,599.5,13833
2006-10-20,599.5,602.75,591.55,591.55,14295
2006-10-23,592.55,593.85,579.95,582.1,14897
2006-10-24,582.2,586.75,572.95,586.3,16159
2006-10-25,586.2,592.0,580.05,590.9,14355
2006-10-26,591.1,598.95,590.15,597.2,14213
2006-10-27,597.2,600.35,591.95,600.05,12881
2006-10-30,599.55,611.05,598.55,604.2,15651
2006-10-31,604.4,607.75,598.25,607.0,15212
2006-11-01,607.0,619.8,605.9,617.5,17132
2006-11-02,618.0,626.25,614.45,624.5,15256
2006-11-03,624.4,629.35,617.45,627.55,13820
2006-11-06,627.25,630.25,622.65,623.2,13159
2006-11-07,623.7,629.25,622.1,625.1,13777
2006-11-08,624.9,627.05,613.55,615.9,16290
2006-11-09,615.9,635.95,615.35,633.4,17080
2006-11-10,633.8,636.9,625.35,628.55,17684
2006-11-13,627.75,632.9,613.95,625.6,14566
2006-11-14,625.6,629.55,619.0,621.1,16175
2006-11-15,621.1,624.95,615.65,622.75,16414
2006-11-16,622.75,628.55,618.1,618.4,15473
2006-11-17,618.4,622.55,614.55,621.95,13656
2006-11-20,621.95,627.25,620.45,622.7,11960
2006-11-21,622.7,629.15,622.4,627.4,12390
2006-11-22,627.4,634.95,626.15,630.1,11206
2006-11-23,630.1,632.25,628.55,631.0,2093
2006-11-24,631.2,640.15,630.7,637.95,7804
2006-11-27,639.95,642.1,636.95,640.5,12043
2006-11-28,640.7,642.1,633.05,640.0,12737
2006-11-29,640.0,641.25,634.75,636.4,13285
2006-11-30,636.6,648.95,636.4,648.0,14840
2006-12-01,648.3,650.15,643.95,645.55,14558
2006-12-04,645.85,648.45,640.85,646.1,12425
2006-12-05,646.1,649.1,638.95,642.9,17460
2006-12-06,642.9,643.0,628.55,630.6,17526
2006-12-07,630.6,634.0,624.8,633.2,17039
2006-12-08,633.2,638.25,623.4,624.45,11845
2006-12-11,631.85,631.85,623.65,630.5,13179
2006-12-12,630.7,631.4,627.0,630.1,12690
2006-12-13,630.0,630.75,623.75,628.4,12051
2006-12-14,628.4,629.7,625.25,625.8,13036
2006-12-15,625.8,629.35,614.75,615.35,11387
2006-12-18,615.55,618.55,611.85,616.15,8780
2006-12-19,616.25,622.95,615.05,622.75,9130
2006-12-20,622.95,624.55,618.75,620.55,11773
2006-12-21,620.45,622.55,617.95,618.4,10196
2006-12-22,618.4,622.05,618.4,621.05,8132
2006-12-25,620.65,620.85,620.65,620.65,3
2006-12-26,620.85,629.7,620.85,624.95,3475
2006-12-27,624.95,629.4,624.2,627.15,7654
2006-12-28,627.15,636.0,626.75,634.85,7818
2006-12-29,634.75,636.85,632.0,636.65,6809
2007-01-02,636.55,641.25,636.55,640.15,4793
2007-01-03,640.15,645.25,625.45,627.6,10554
2007-01-04,627.6,630.95,620.85,621.7,10229
2007-01-05,621.4,626.4,602.35,607.35,10883
2007-01-08,606.85,611.15,604.15,610.2,8133
2007-01-09,610.3,615.75,606.2,613.6,9668
2007-01-10,613.5,614.5,605.95,611.2,11358
2007-01-11,611.4,616.15,609.15,611.45,8893
2007-01-12,611.35,627.75,609.95,627.05,9132
2007-01-15,626.85,628.2,625.1,626.4,4376
2007-01-16,626.4,628.15,623.15,624.6,9793
2007-01-17,624.7,633.9,620.25,632.05,10631
2007-01-18,632.15,636.6,627.05,627.25,10411
2007-01-19,627.25,636.4,626.8,635.25,9403
2007-01-22,635.65,639.95,632.35,633.15,8282
2007-01-23,633.15,647.85,633.1,646.6,8741
2007-01-24,646.7,648.95,639.05,648.6,9996
2007-01-25,648.7,654.8,645.65,646.2,11714
2007-01-26,646.2,648.1,641.1,646.05,10252
2007-01-29,646.05,648.05,641.2,643.85,8590
2007-01-30,643.85,647.55,640.9,647.1,8290
2007-01-31,647.0,654.75,642.3,652.8,9337
2007-02-01,652.9,661.4,652.0,657.3,9343
2007-02-02,657.4,659.8,643.45,647.75,9090
2007-02-05,647.95,652.4,646.3,648.55,7521
2007-02-06,648.55,658.5,648.05,653.45,9057
2007-02-07,653.55,656.9,650.55,651.55,8710
2007-02-08,651.55,661.45,648.0,660.35,10321
2007-02-09,660.25,669.0,657.2,666.85,9922
2007-02-12,668.15,668.55,659.9,661.15,10625
2007-02-13,661.15,669.3,660.75,664.25,9446
2007-02-14,664.45,672.0,663.75,669.15,9893
2007-02-15,669.45,670.8,662.8,669.45,9770
2007-02-16,669.45,669.95,662.9,669.15,9661
2007-02-19,669.15,673.45,669.05,670.7,3865
2007-02-20,670.7,672.05,656.0,657.3,8779
2007-02-21,657.4,682.7,657.1,678.85,13337
2007-02-22,678.95,681.2,675.6,677.35,14038
2007-02-23,677.35,688.05,672.95,682.65,17185
2007-02-26,681.1,688.35,681.1,686.35,14352
2007-02-27,686.4,688.8,658.13,663.4,24197
2007-02-28,663.35,677.6,661.5,669.3,22742
2007-03-01,669.35,677.35,662.05,664.4,21032
2007-03-02,664.45,665.9,639.95,642.35,20018
2007-03-05,643.8,645.05,633.55,636.55,22049
2007-03-06,636.6,648.05,632.8,646.55,19181
2007-03-07,646.75,651.85,643.0,649.0,14059
2007-03-08,649.05,655.8,647.7,651.85,16901
2007-03-09,651.9,658.25,647.7,649.4,12679
2007-03-12,649.7,654.25,645.8,650.55,12952
2007-03-13,650.8,652.65,641.93,643.75,13402
2007-03-14,643.7,646.05,636.95,644.4,16502
2007-03-15,644.55,650.3,643.6,646.45,6742
2007-03-16,646.55,655.4,646.2,653.4,13726
2007-03-19,653.3,656.4,652.1,654.0,9959
2007-03-20,654.05,661.2,652.8,658.5,11812
2007-03-21,658.65,664.2,657.15,664.1,11442
2007-03-22,664.4,666.8,661.95,663.75,11503
2007-03-23,663.75,664.75,655.45,657.4,11807
2007-03-26,657.65,665.08,657.2,663.9,10364
2007-03-27,663.95,665.75,661.65,664.8,11025
2007-03-28,664.65,669.45,663.7,665.65,11635
2007-03-29,665.55,666.2,655.75,661.75,12013
2007-03-30,661.7,667.9,660.9,663.85,11388
2007-04-02,665.55,666.35,656.6,663.9,10180
2007-04-03,663.9,667.78,662.05,664.15,15031
2007-04-04,664.35,675.6,663.65,673.9,13299
2007-04-05,674.0,675.6,671.8,674.65,10789
2007-04-06,674.65,674.9,673.1,673.2,706
2007-04-09,673.1,677.95,665.41,671.35,7291
2007-04-10,671.55,681.6,671.25,677.85,11862
2007-04-11,677.9,680.75,674.68,677.25,12645
2007-04-12,677.2,679.9,671.8,675.9,13940
2007-04-13,675.7,685.8,675.6,685.1,8562
2007-04-16,684.1,691.2,683.15,690.2,13553
2007-04-17,690.25,691.2,686.3,686.65,14920
2007-04-18,686.45,690.9,686.0,689.95,14183
2007-04-19,689.9,691.75,679.68,682.8,16566
2007-04-20,682.8,693.8,682.6,691.75,11059
2007-04-23,692.95,693.95,687.14,689.1,12785
2007-04-24,689.15,692.05,681.2,684.05,16940
2007-04-25,684.05,686.85,682.35,686.0,14311
2007-04-26,686.1,686.87,671.7,674.8,15936
2007-04-27,674.75,682.05,670.9,681.55,16233
2007-04-30,680.65,681.8,676.08,678.55,6385
2007-05-01,678.5,679.4,672.0,673.55,6678
2007-05-02,673.55,675.2,667.76,673.05,13357
2007-05-03,673.25,682.55,672.25,681.95,12521
2007-05-04,681.9,690.75,680.35,688.8,12713
2007-05-07,688.6,690.95,686.65,688.8,6481
2007-05-08,688.75,689.05,682.25,685.65,12764
2007-05-09,685.6,686.75,676.0,680.6,11527
2007-05-10,680.75,681.4,664.53,666.05,13595
2007-05-11,666.25,672.98,664.8,671.05,14210
2007-05-14,670.4,675.32,666.38,669.75,11933
2007-05-15,669.8,673.6,665.2,672.15,12681
2007-05-16,672.2,673.5,660.0,661.95,13076
2007-05-17,661.95,664.7,653.85,657.65,11870
2007-05-18,657.65,663.13,655.95,661.7,11564
2007-05-21,662.85,664.18,657.15,663.12,13047
2007-05-22,663.07,665.44,658.35,659.2,11367
2007-05-23,659.3,664.85,657.65,661.7,11993
2007-05-24,661.8,662.9,652.0,654.55,12413
2007-05-25,654.5,656.98,653.55,656.05,10610
2007-05-28,655.65,656.65,655.15,655.5,3111
2007-05-29,655.6,662.1,654.92,656.8,9508
2007-05-30,656.75,658.85,652.25,653.4,11246
2007-05-31,653.4,661.9,652.98,660.55,10741
2007-06-01,660.55,671.75,660.55,671.55,12129
2007-06-04,671.65,674.1,668.75,671.15,12132
2007-06-05,671.05,673.77,669.2,670.0,11869
2007-06-06,670.05,672.3,665.4,670.73,12583
2007-06-07,671.03,673.13,658.4,659.2,11891
2007-06-08,659.25,661.55,644.25,648.7,14920
2007-06-11,649.5,655.2,649.4,653.65,10008
2007-06-12,653.65,654.85,645.95,647.21,11411
2007-06-13,647.31,652.65,643.35,651.4,13630
2007-06-14,651.45,654.22,646.0,651.77,11258
2007-06-15,651.77,655.85,650.2,655.3,10045
2007-06-18,655.3,659.45,654.9,656.15,9119
2007-06-19,656.15,662.0,654.0,661.45,11886
2007-06-20,661.35,662.0,652.75,654.5,13066
2007-06-21,654.5,656.7,648.15,651.95,11808
2007-06-22,651.95,656.43,650.85,654.2,12608
2007-06-25,654.25,654.65,649.15,650.95,10909
2007-06-26,651.0,651.9,640.75,641.45,12266
2007-06-27,641.5,644.92,639.23,643.62,14495
2007-06-28,643.72,649.96,643.1,648.82,11123
2007-06-29,648.82,652.5,646.52,649.65,10005
2007-07-02,650.65,658.85,648.85,657.07,10819
2007-07-03,657.17,658.27,652.13,653.23,9207
2007-07-04,653.28,655.13,653.03,654.48,3723
2007-07-05,654.48,656.75,646.09,649.6,10614
2007-07-06,649.65,656.2,645.35,655.85,11315
2007-07-09,656.3,663.4,653.85,660.43,11203
2007-07-10,660.48,665.0,658.88,663.09,11942
2007-07-11,663.14,666.2,660.0,660.75,10639
2007-07-12,660.9,669.25,660.5,666.8,10836
2007-07-13,666.75,669.04,663.74,666.92,10475
2007-07-16,667.2,668.9,663.8,665.0,8895
2007-07-17,664.95,667.55,662.88,664.95,9124
2007-07-18,664.95,674.33,664.65,673.1,11155
2007-07-19,673.05,677.89,671.5,677.49,10336
2007-07-20,677.49,686.97,675.39,683.35,10731
2007-07-23,683.65,685.05,680.3,681.7,10220
2007-07-24,681.6,687.76,680.95,681.05,10988
2007-07-25,681.05,682.5,670.62,675.32,13374
2007-07-26,675.37,676.92,658.95,662.93,14590
2007-07-27,662.93,667.2,657.0,661.15,13764
2007-07-30,661.25,665.85,660.1,664.85,8535
2007-07-31,664.65,669.08,663.65,664.3,9650
2007-08-01,664.3,667.3,659.35,666.98,10870
2007-08-02,666.93,667.73,662.9,665.7,9546
2007-08-03,665.9,675.6,665.15,673.0,9979
2007-08-06,675.65,675.75,669.22,671.92,9259
2007-08-07,671.97,672.72,666.2,672.45,11989
2007-08-08,672.4,676.92,669.9,675.0,10004
2007-08-09,675.05,675.15,659.47,662.02,13820
2007-08-10,662.12,676.36,658.27,672.87,13119
2007-08-13,672.37,672.92,668.62,669.47,10352
2007-08-14,669.67,671.77,665.77,669.22,12871
2007-08-15,669.22,670.98,662.37,667.67,13356
2007-08-16,667.72,668.02,642.12,652.53,16101
2007-08-17,652.58,664.16,645.78,657.75,16491
2007-08-20,657.33,660.95,653.55,657.95,14379
2007-08-21,657.75,660.3,654.45,657.45,13868
2007-08-22,657.45,661.89,654.81,660.74,11561
2007-08-23,660.79,664.99,658.74,660.35,12665
2007-08-24,660.4,669.1,657.56,668.2,12160
2007-08-27,668.3,668.65,665.8,667.75,8438
2007-08-28,667.75,668.5,662.4,663.4,8247
2007-08-29,662.4,669.38,661.45,667.52,7893
2007-08-30,667.82,668.1,663.6,665.3,10146
2007-08-31,665.3,675.03,664.8,673.24,10802
2007-09-03,672.99,673.79,671.59,672.5,3210
2007-09-04,672.5,683.6,671.6,681.97,10526
2007-09-05,681.92,683.16,678.46,682.11,10732
2007-09-06,682.16,697.9,680.95,695.5,12006
2007-09-07,695.45,707.05,692.3,700.65,13630
2007-09-10,700.69,707.19,699.4,703.175,10022
2007-09-11,703.175,714.6,702.525,712.55,11052
2007-09-12,712.55,714.4,705.83,711.73,13414
2007-09-13,711.73,712.48,703.55,708.4,11614
2007-09-14,708.4,717.4,704.12,707.55,13157
2007-09-17,707.85,720.2,706.6,717.77,13377
2007-09-18,717.82,727.3,711.93,723.6,14147
2007-09-19,723.6,726.55,719.85,721.5,13850
2007-09-20,721.5,738.63,721.15,733.9,15601
2007-09-21,733.9,739.55,726.8,731.55,14060
2007-09-24,731.65,736.45,726.08,730.27,12879
2007-09-25,730.27,733.86,722.3,731.7,11939
2007-09-26,731.7,736.95,726.42,729.07,13278
2007-09-27,728.92,736.05,727.15,734.5,13457
2007-09-28,734.5,746.05,733.55,743.65,17826
2007-10-01,744.25,748.05,741.35,747.3,13539
2007-10-02,747.3,747.45,724.75,731.85,20092
2007-10-03,731.85,736.3,726.48,727.85,16873
2007-10-04,728.25,738.7,720.92,737.95,18086
2007-10-05,737.95,744.6,727.15,742.6,15245
2007-10-08,741.7,742.85,731.37,733.35,11994
2007-10-09,733.4,740.77,726.77,738.2,17172
2007-10-10,738.2,746.2,737.7,741.1,14357
2007-10-11,741.15,754.01,740.7,747.96,16667
2007-10-12,747.96,752.55,745.16,750.5,16766
2007-10-15,749.2,760.3,747.55,759.3,14823
2007-10-16,759.3,767.15,753.84,760.59,21448
2007-10-17,760.64,765.0,751.87,755.45,22529
2007-10-18,755.5,769.2,754.9,768.45,19011
2007-10-19,768.4,771.63,758.4,765.3,18999
2007-10-22,767.1,769.1,745.12,754.3,24549
2007-10-23,754.3,761.26,752.85,759.74,12499
2007-10-24,759.84,764.49,754.09,763.99,16902
2007-10-25,764.04,769.75,761.8,769.25,16500
2007-10-26,769.3,786.1,768.35,785.15,18856
2007-10-29,786.58,794.55,784.95,791.78,21989
2007-10-30,791.73,792.3,779.3,781.9,17942
2007-10-31,782.0,797.3,777.0,796.8,22373
2007-11-01,796.7,799.4,784.05,787.3,25187
2007-11-02,787.4,808.3,787.15,807.0,22753
2007-11-05,807.35,811.75,801.0,806.26,20277
2007-11-06,806.26,825.25,806.21,824.95,23994
2007-11-07,824.85,845.955,822.6,831.05,36849
2007-11-08,831.05,845.65,823.25,833.35,32082
2007-11-09,833.3,838.6,826.92,831.8,27486
2007-11-12,831.9,832.15,791.55,793.2,27603
2007-11-13,793.1,809.14,790.2,802.0,18579
2007-11-14,802.0,816.22,799.25,811.93,16413
2007-11-15,811.98,818.2,782.8,788.3,18036
2007-11-16,788.4,797.85,784.05,786.45,27221
2007-11-19,786.05,794.05,775.25,782.05,23101
2007-11-20,781.95,805.85,772.8,802.77,20568
2007-11-21,802.79,807.45,794.91,800.62,26286
2007-11-22,800.57,805.5,798.74,804.34,8697
2007-11-23,804.33,825.65,803.11,823.48,14112
2007-11-26,824.15,836.94,821.47,824.45,16330
2007-11-27,824.45,829.14,808.02,812.77,22595
2007-11-28,812.79,815.86,791.67,804.3,18636
2007-11-29,804.4,808.1,792.67,793.47,21251
2007-11-30,793.72,799.8,779.35,782.25,22045
2007-12-03,782.9,794.5,777.0,794.45,16588
2007-12-04,794.4,805.5,786.7,801.75,16527
2007-12-05,801.7,807.1,791.45,795.55,23052
2007-12-06,795.55,805.7,785.23,802.65,26530
2007-12-07,802.65,805.04,791.57,794.91,15522
2007-12-10,795.8,812.09,794.27,808.21,19721
2007-12-11,808.22,813.55,796.27,797.07,19903
2007-12-12,797.06,817.24,796.48,813.52,22084
2007-12-13,813.52,813.72,792.93,797.69,22680
2007-12-14,797.66,803.51,787.91,794.61,20327
2007-12-17,794.46,799.01,785.42,793.22,17185
2007-12-18,793.22,806.32,790.55,802.62,19426
2007-12-19,802.57,804.67,797.92,802.58,15740
2007-12-20,802.44,803.47,793.55,796.5,15051
2007-12-21,796.47,812.34,795.81,811.67,15638
2007-12-24,811.54,815.6,808.5,811.87,8451
2007-12-25,811.86,812.09,805.47,807.6,82
2007-12-26,806.1,826.08,806.1,824.42,12318
2007-12-27,824.83,831.455,821.72,825.74,14800
2007-12-28,825.72,840.65,825.14,840.48,18187
2007-12-31,841.9,843.11,830.06,833.56,11124
2008-01-01,833.6,833.8,833.6,833.8,30
2008-01-02,833.9,861.46,833.9,857.31,18440
2008-01-03,857.35,868.98,853.59,865.01,15927
2008-01-04,865.03,868.84,854.61,859.7,18230
2008-01-07,858.67,865.06,855.33,858.19,19700
2008-01-08,858.07,881.11,857.25,877.92,20699
2008-01-09,878.02,891.49,872.08,878.86,27931
2008-01-10,879.03,895.01,866.46,893.28,24957
2008-01-11,893.29,898.11,887.75,895.45,24375
2008-01-14,895.4,914.43,891.71,904.16,27101
2008-01-15,904.17,914.035,887.82,888.29,20112
2008-01-16,888.31,899.93,875.21,877.38,27006
2008-01-17,877.34,890.25,875.37,877.91,22030
2008-01-18,877.89,888.55,870.48,883.07,21585
2008-01-21,882.32,883.1,861.03,864.82,13966
2008-01-22,865.04,894.38,849.56,892.34,22846
2008-01-23,892.34,895.84,876.55,890.49,22511
2008-01-24,890.66,913.455,889.28,912.8,22549
2008-01-25,912.85,923.935,906.05,913.9,20799
2008-01-28,913.25,929.505,911.0,928.92,17477
2008-01-29,928.92,933.4,919.89,923.65,18787
2008-01-30,923.65,936.55,916.03,929.85,18236
2008-01-31,929.8,930.4,918.45,926.23,20491
2008-02-01,926.25,937.08,903.4,905.25,17866
2008-02-04,907.25,912.93,892.32,903.45,18463
2008-02-05,903.7,907.15,884.4,888.25,18828
2008-02-06,888.15,907.65,886.25,900.2,20966
2008-02-07,900.45,911.35,896.4,910.7,22467
2008-02-08,910.75,922.56,907.5,922.1,19942
2008-02-11,920.7,927.43,916.11,923.36,19740
2008-02-12,923.21,924.88,902.95,906.65,20273
2008-02-13,906.65,910.9,896.25,906.5,21434
2008-02-14,906.25,914.13,901.78,908.35,21343
2008-02-15,908.3,915.69,897.95,902.55,20891
2008-02-18,904.05,907.95,900.4,905.18,9528
2008-02-19,905.23,930.79,905.13,927.81,23018
2008-02-20,927.76,945.98,913.555,944.4,26840
2008-02-21,944.05,954.1,937.85,945.75,26057
2008-02-22,945.65,950.195,935.85,945.2,26844
2008-02-25,946.15,952.3,933.505,939.45,21838
2008-02-26,939.5,950.43,926.625,948.08,23003
2008-02-27,948.13,965.25,947.88,957.95,26486
2008-02-28,957.95,972.65,953.5,970.95,22363
2008-02-29,970.9,976.15,964.6,973.45,26147
2008-03-03,974.3,989.72,973.6,983.67,25404
2008-03-04,983.62,988.27,956.7,963.85,29056
2008-03-05,964.15,992.95,959.15,989.75,24964
2008-03-06,989.5,992.55,965.3,979.05,24923
2008-03-07,979.1,988.97,969.92,973.02,30473
2008-03-10,974.07,980.97,961.1,973.03,27933
2008-03-11,973.08,986.11,964.7,973.37,25296
2008-03-12,973.42,983.455,968.2,983.055,24969
2008-03-13,982.705,1000.0,981.45,995.0,29379
2008-03-14,995.0,1007.585,990.7,1003.08,22528
2008-03-17,1004.65,1032.85,994.4,1002.3,32202
2008-03-18,1002.55,1012.65,976.3,981.3,28704
2008-03-19,981.15,997.455,937.8,945.15,40382
2008-03-20,945.2,945.85,904.75,910.25,40094
2008-03-21,910.5,920.3,909.95,918.0,185
2008-03-24,917.9,927.35,906.45,915.5,28297
2008-03-25,915.5,939.15,912.1,938.95,28240
2008-03-26,938.9,954.79,934.63,954.29,23248
2008-03-27,954.14,955.04,940.51,947.65,25775
2008-03-28,947.65,951.33,923.25,931.4,20692
2008-03-31,931.5,941.03,912.45,916.29,24521
2008-04-01,916.39,921.29,872.255,882.5,28526
2008-04-02,882.45,906.65,881.3,904.45,30476
2008-04-03,904.45,909.15,888.05,903.0,25707
2008-04-04,903.2,915.0,899.45,914.0,25723
2008-04-07,914.15,929.5,910.8,920.0,24662
2008-04-08,919.8,926.0,907.85,914.85,24947
2008-04-09,914.85,935.9,903.17,934.2,28051
2008-04-10,934.05,940.0,922.3,928.95,22465
2008-04-11,928.95,932.45,917.6,925.3,23440
2008-04-14,920.45,932.15,914.3,924.2,27244
2008-04-15,924.15,936.75,923.15,928.1,23041
2008-04-16,928.1,949.34,924.4,944.79,20821
2008-04-17,944.84,953.19,937.45,938.85,24350
2008-04-18,938.8,946.85,904.9,916.7,28191
2008-04-21,918.05,928.95,911.2,916.9,27190
2008-04-22,916.95,925.67,911.8,915.97,27061
2008-04-23,915.97,923.12,896.94,904.28,28191
2008-04-24,904.23,907.15,883.36,886.31,23207
2008-04-25,886.31,896.65,877.95,886.3,26908
2008-04-28,885.4,896.05,885.4,893.4,20952
2008-04-29,893.4,893.9,868.68,870.55,21638
2008-04-30,870.55,879.05,862.7,877.6,28838
2008-05-01,877.6,881.85,847.55,852.75,26938
2008-05-02,852.75,859.53,845.4,856.45,23002
2008-05-05,857.25,874.7,857.15,874.38,19087
2008-05-06,874.43,883.02,871.68,876.43,25477
2008-05-07,876.43,881.58,863.85,868.9,53718
2008-05-08,868.88,885.78,865.6,881.88,55258
2008-05-09,881.88,889.85,870.745,884.85,50462
2008-05-12,883.85,890.05,878.13,882.65,39846
2008-05-13,882.65,886.05,861.2,867.1,49673
2008-05-14,867.1,871.2,860.25,864.45,51316
2008-05-15,864.45,887.85,862.25,881.85,41871
2008-05-16,881.9,905.06,880.15,902.38,50996
2008-05-19,902.83,913.86,900.78,905.18,32427
2008-05-20,905.13,923.6,902.93,919.25,38494
2008-05-21,919.23,932.8,916.78,932.45,51231
2008-05-22,932.4,935.5,917.525,921.85,53117
2008-05-23,922.15,929.38,915.4,925.03,47755
2008-05-26,924.91,929.35,923.7,929.05,17162
2008-05-27,929.05,931.05,904.38,906.55,42637
2008-05-28,906.5,910.08,889.23,900.95,50100
2008-05-29,900.98,903.38,873.58,877.85,50127
2008-05-30,877.88,889.3,870.43,886.52,47370
2008-06-02,887.22,897.565,881.32,891.34,51742
2008-06-03,891.39,896.88,875.2,880.45,52780
2008-06-04,880.8,886.88,876.21,879.16,57670
2008-06-05,879.17,880.88,865.14,877.25,53601
2008-06-06,877.3,902.4,877.3,902.2,51451
2008-06-09,902.35,909.44,891.08,892.92,67187
2008-06-10,892.87,895.13,864.36,866.97,63667
2008-06-11,867.02,883.19,866.72,880.25,55377
2008-06-12,880.15,882.28,857.7,868.2,62252
2008-06-13,868.25,874.52,859.6,871.55,56175
2008-06-16,871.18,894.83,866.79,882.3,53709
2008-06-17,882.2,888.68,874.56,882.79,62249
2008-06-18,882.74,895.78,880.64,894.28,52597
2008-06-19,894.23,908.54,887.09,898.15,41626
2008-06-20,898.28,908.07,896.04,902.07,53488
2008-06-23,903.25,907.56,876.62,883.86,38126
2008-06-24,883.87,894.13,883.08,889.53,32628
2008-06-25,889.53,890.9,873.935,886.43,54433
2008-06-26,886.48,918.22,885.2,917.25,58268
2008-06-27,917.15,930.9,910.48,927.79,51016
2008-06-30,928.65,935.135,918.795,925.44,15196
2008-07-01,925.41,946.145,922.35,939.63,53149
2008-07-02,939.65,945.89,931.965,945.27,64478
2008-07-03,945.26,946.715,928.04,934.33,38125
2008-07-04,934.35,936.52,929.31,934.04,18184
2008-07-07,932.08,932.68,915.27,925.84,51554
2008-07-08,925.83,933.595,912.945,919.42,41685
2008-07-09,919.48,929.005,916.31,928.55,52284
2008-07-10,928.57,947.81,925.9,947.48,44798
2008-07-11,947.18,967.765,941.67,964.1,44514
2008-07-14,965.2,975.45,953.835,972.6,62804
2008-07-15,972.75,988.58,969.36,977.55,69857
2008-07-16,977.5,981.42,958.02,959.98,78801
2008-07-17,959.93,978.95,953.17,957.45,71989
2008-07-18,957.45,964.675,950.055,954.9,40991
2008-07-21,956.95,968.65,955.45,965.65,47790
2008-07-22,965.65,976.345,943.7,946.3,56216
2008-07-23,946.3,949.25,917.9,920.95,54847
2008-07-24,920.95,931.405,916.505,928.05,54238
2008-07-25,928.05,935.3,918.805,929.85,49367
2008-07-28,929.84,933.115,922.915,930.45,61378
2008-07-29,930.45,933.35,914.37,918.85,51648
2008-07-30,918.85,919.75,894.105,906.15,51815
2008-07-31,906.15,925.705,905.85,914.13,48335
2008-08-01,914.13,917.35,901.75,910.89,52905
2008-08-04,910.75,915.675,894.105,894.8,57615
2008-08-05,894.8,895.9,872.78,874.3,48726
2008-08-06,874.3,886.805,872.88,879.8,52235
2008-08-07,879.8,885.05,868.05,873.05,53721
2008-08-08,873.05,874.25,850.955,856.6,39310
2008-08-11,859.2,866.105,818.45,823.75,54706
2008-08-12,823.75,827.17,802.15,812.05,44562
2008-08-13,812.05,830.055,805.4,826.65,41153
2008-08-14,826.65,836.8,804.95,806.75,27824
2008-08-15,806.75,807.6,772.95,787.7,25674
2008-08-18,794.2,804.23,789.65,800.055,52710
2008-08-19,800.055,817.05,782.65,814.3,36016
2008-08-20,814.3,818.7,800.32,813.67,37380
2008-08-21,813.67,839.55,811.7,837.0,36867
2008-08-22,837.0,838.2,821.375,823.02,31176
2008-08-25,825.0,826.405,816.205,822.005,42608
2008-08-26,822.005,830.82,807.1,824.9,16934
2008-08-27,824.9,835.435,822.0,826.87,50424
2008-08-28,826.87,844.255,825.555,834.07,45935
2008-08-29,834.07,838.825,829.43,831.05,57363
2008-09-01,835.15,835.65,815.475,817.705,47978
2008-09-02,817.705,819.85,791.145,805.28,41647
2008-09-03,805.33,808.905,789.505,801.4,54021
2008-09-04,801.4,815.205,794.03,796.48,18346
2008-09-05,796.48,819.405,790.85,803.65,59022
2008-09-08,804.3,818.33,797.125,802.4,72501
2008-09-09,802.4,805.205,776.0,777.25,61720
2008-09-10,777.25,783.875,751.45,752.45,21824
2008-09-11,752.45,758.45,736.35,746.95,64335
2008-09-12,746.95,766.9,746.255,765.5,68195
2008-09-15,767.5,788.1,764.73,786.65,69748
2008-09-16,786.6,790.155,772.05,779.7,40897
2008-09-17,779.7,868.6,774.4,864.35,73943
2008-09-18,864.35,919.43,832.65,852.85,52190
2008-09-19,853.0,877.25,824.55,873.85,26250
2008-09-22,873.65,908.4,862.55,897.1,67155
2008-09-23,897.1,909.6,880.65,892.15,39473
2008-09-24,892.15,902.14,875.7,883.03,25707
2008-09-25,883.03,896.78,864.3,877.7,58268
2008-09-26,877.7,911.6,866.0,878.75,73207
2008-09-29,878.71,926.65,867.505,909.5,68588
2008-09-30,909.5,915.25,857.5,870.95,43138
2008-10-01,870.95,893.13,865.28,871.25,66428
2008-10-02,871.25,876.6,830.13,836.6,66452
2008-10-03,836.6,848.2,819.33,835.3,67491
2008-10-06,832.65,876.635,825.75,859.95,41938
2008-10-07,860.05,891.9,856.75,887.1,46406
2008-10-08,887.55,922.15,878.2,907.95,33256
2008-10-09,907.95,924.95,881.2,912.7,36617
2008-10-10,912.5,931.95,826.75,850.35,46069
2008-10-13,850.37,872.25,822.55,833.0,50493
2008-10-14,833.0,854.45,831.8,836.9,45413
2008-10-15,836.9,856.85,831.6,846.7,50525
2008-10-16,846.7,849.7,786.25,804.45,75718
2008-10-17,804.45,815.3,772.8,783.35,45607
2008-10-20,783.25,810.55,781.8,796.7,51440
2008-10-21,796.7,803.35,765.455,771.65,41049
2008-10-22,771.65,777.1,720.48,730.55,62874
2008-10-23,730.55,735.05,698.53,721.48,61012
2008-10-24,721.48,750.35,681.65,734.7,44950
2008-10-27,734.7,747.55,707.25,730.85,24839
2008-10-28,730.9,756.05,724.4,746.65,52299
2008-10-29,746.65,774.9,736.25,754.55,40941
2008-10-30,754.95,778.1,733.05,738.75,34234
2008-10-31,738.75,742.0,717.45,724.6,28511
2008-11-03,724.6,739.55,722.05,723.65,33280
2008-11-04,723.65,768.4,722.1,763.05,43846
2008-11-05,763.05,769.7,736.25,740.25,38658
2008-11-06,740.25,760.8,728.9,732.85,39844
2008-11-07,732.85,745.1,726.0,736.9,33323
2008-11-10,739.35,769.1,739.35,746.2,43785
2008-11-11,746.2,750.65,727.1,731.7,35927
2008-11-12,731.7,739.3,709.3,712.2,46752
2008-11-13,712.2,739.6,700.43,736.35,93686
2008-11-14,736.35,754.58,725.38,742.25,84144
2008-11-17,741.6,749.7,731.055,738.1,81546
2008-11-18,738.1,746.0,731.75,738.2,72354
2008-11-19,738.2,763.25,732.15,734.7,32015
2008-11-20,734.7,753.4,733.15,746.65,59464
2008-11-21,745.7,802.63,743.03,800.4,84568
2008-11-24,801.2,829.78,786.63,820.65,87103
2008-11-25,822.15,831.6,803.0,820.95,44955
2008-11-26,820.95,823.25,808.53,812.7,57172
2008-11-27,813.0,817.4,810.0,816.0,22887
2008-11-28,816.0,820.88,809.535,817.98,25376
2008-12-01,818.33,819.23,768.48,769.08,48665
2008-12-02,769.08,787.225,761.88,782.37,50408
2008-12-03,782.37,783.47,764.47,774.0,79259
2008-12-04,774.0,788.655,763.105,767.05,58200
2008-12-05,767.05,773.15,741.4,756.25,48221
2008-12-08,757.35,782.75,757.35,772.5,53895
2008-12-09,772.5,780.55,762.85,777.2,61069
2008-12-10,776.95,814.15,774.65,810.4,65802
2008-12-11,810.43,834.98,802.55,821.1,89935
2008-12-12,821.1,829.2,808.0,822.4,42941
2008-12-15,822.55,843.25,821.3,838.45,38380
2008-12-16,838.45,860.25,830.255,857.85,30496
2008-12-17,857.85,882.3,846.7,867.5,28198
2008-12-18,867.5,878.6,848.3,852.85,33054
2008-12-19,852.85,854.1,829.94,838.05,48202
2008-12-22,837.9,852.05,837.55,847.55,25162
2008-12-23,847.55,849.15,829.6,840.2,36022
2008-12-24,840.2,848.9,835.09,847.95,36564
2008-12-26,847.95,873.3,843.05,869.2,31576
2008-12-29,879.35,890.85,873.83,880.3,70751
2008-12-30,880.3,884.5,864.05,873.8,72597
2008-12-31,873.8,885.1,856.85,881.7,30998
2009-01-01,882.1,882.15,880.88,880.88,208
2009-01-02,880.88,888.35,867.75,875.35,37907
2009-01-05,875.35,884.8,844.86,859.5,28541
2009-01-06,859.5,870.805,839.35,863.9,48850
2009-01-07,863.9,867.23,836.0,843.05,45501
2009-01-08,843.05,865.005,836.93,856.9,58334
2009-01-09,856.9,868.68,845.15,854.15,86636
2009-01-12,855.6,857.2,815.58,820.95,80346
2009-01-13,820.95,831.0,814.1,822.0,80969
2009-01-14,822.0,829.4,807.23,811.66,85983
2009-01-15,811.68,821.535,801.825,818.055,84578
2009-01-16,818.055,843.65,815.7,843.15,65102
2009-01-19,843.2,846.1,832.13,836.11,48887
2009-01-20,836.11,866.755,823.58,857.5,69464
2009-01-21,857.45,864.6,843.63,854.18,19718
2009-01-22,854.18,863.335,843.685,856.985,29786
2009-01-23,856.935,903.87,852.78,899.87,36930
2009-01-26,898.27,916.325,888.97,903.37,50669
2009-01-27,903.37,907.55,892.65,899.15,48067
2009-01-28,899.2,903.7,882.6,887.55,27184
2009-01-29,887.55,909.85,874.79,908.7,21428
2009-01-30,908.7,929.755,901.85,927.8,31866
2009-02-02,926.75,926.75,901.485,905.13,38209
2009-02-03,905.13,912.98,889.63,900.33,42157
2009-02-04,900.33,909.5,895.6,905.8,37606
2009-02-05,905.8,924.82,902.38,915.08,53329
2009-02-06,914.85,920.54,904.34,911.5,42514
2009-02-09,910.95,912.08,891.08,894.55,26524
2009-02-10,894.55,918.515,891.3,915.26,28360
2009-02-11,915.46,947.76,911.06,939.01,31756
2009-02-12,939.01,952.7,935.31,946.65,38103
2009-02-13,946.7,947.55,932.5,941.7,29496
2009-02-16,941.7,944.405,936.45,941.65,28921
2009-02-17,941.65,974.305,940.25,970.25,22567
2009-02-18,970.25,987.405,960.955,984.4,29839
2009-02-19,984.4,986.8,968.6,974.65,44165
2009-02-20,974.65,1006.45,970.705,992.9,28329
2009-02-23,992.8,998.3,975.55,991.75,37402
2009-02-24,991.65,995.85,959.65,962.35,31517
2009-02-25,962.35,978.435,944.53,953.68,31189
2009-02-26,953.68,956.885,931.88,945.63,32342
2009-02-27,945.63,963.13,927.3,942.75,46542
2009-03-02,940.6,958.7,922.35,926.1,44548
2009-03-03,926.1,932.9,905.355,916.1,34364
2009-03-04,916.1,923.05,900.2,906.5,35071
2009-03-05,906.5,937.0,905.55,932.005,43319
2009-03-06,932.005,945.13,930.3,939.3,52903
2009-03-09,938.2,942.0,911.16,922.21,70263
2009-03-10,922.21,923.01,891.46,897.9,36276
2009-03-11,897.9,913.5,892.4,909.305,46836
2009-03-12,909.355,931.255,905.9,927.15,33780
2009-03-13,927.15,939.18,919.62,929.77,37919
2009-03-16,926.65,929.955,915.695,923.9,52383
2009-03-17,923.95,924.65,912.55,915.1,46298
2009-03-18,915.1,948.85,883.405,941.2,38809
2009-03-19,941.23,962.7,925.6,959.95,45556
2009-03-20,959.85,967.2,946.8,953.0,32012
2009-03-23,953.35,957.61,936.4,940.0,26561
2009-03-24,940.0,944.57,917.3,925.85,48719
2009-03-25,925.85,941.4,916.84,933.95,48692
2009-03-26,933.95,945.9,931.875,934.45,47557
2009-03-27,934.45,936.95,918.74,923.19,42600
2009-03-30,922.98,932.45,908.805,917.4,33116
2009-03-31,917.63,925.005,911.855,919.15,30790
2009-04-01,919.15,933.645,916.895,926.9,36319
2009-04-02,926.95,929.605,894.855,904.35,36900
2009-04-03,904.05,909.85,890.97,893.12,19793
2009-04-06,894.35,897.18,865.37,868.95,30626
2009-04-07,868.92,885.17,868.57,880.87,38335
2009-04-08,880.87,890.25,878.52,880.4,45979
2009-04-09,880.4,886.455,874.855,879.38,43380
2009-04-10,879.23,885.88,878.38,882.11,3053
2009-04-13,879.23,899.95,879.23,893.75,19387
2009-04-14,893.75,898.505,886.25,890.55,46196
2009-04-15,890.55,899.705,885.755,891.1,42039
2009-04-16,891.1,894.005,872.355,875.75,33270
2009-04-17,875.75,877.05,864.98,868.68,36956
2009-04-20,869.0,888.605,865.0,884.5,40756
2009-04-21,884.5,895.375,878.975,883.87,37246
2009-04-22,883.87,893.58,882.17,889.6,36027
2009-04-23,889.6,908.975,889.55,904.3,62306
2009-04-24,904.3,914.06,902.85,912.86,31808
2009-04-27,913.06,918.65,905.25,906.2,37646
2009-04-28,906.2,906.73,884.41,893.45,33023
2009-04-29,893.45,903.15,886.725,897.9,35654
2009-04-30,897.9,900.13,881.105,888.0,52496
2009-05-01,888.0,889.95,880.2,886.55,26014
2009-05-04,885.5,907.45,885.35,901.9,44662
2009-05-05,901.9,915.95,894.85,897.15,27909
2009-05-06,897.13,912.715,895.4,911.05,28954
2009-05-07,911.05,925.725,908.72,910.61,29839
2009-05-08,910.56,920.215,905.415,916.66,37496
2009-05-11,916.56,917.96,908.715,913.6,29675
2009-05-12,913.6,924.295,912.025,923.29,27234
2009-05-13,923.29,930.755,917.68,926.3,24029
2009-05-14,926.3,929.1,920.375,926.52,31859
2009-05-15,926.52,934.27,924.02,931.78,29814
2009-05-18,931.53,934.1,915.3,918.35,32460
2009-05-19,918.35,929.75,917.93,925.05,33260
2009-05-20,925.05,940.825,925.05,938.65,33844
2009-05-21,938.65,956.57,936.02,953.82,24407
2009-05-22,953.82,961.75,950.225,957.3,28467
2009-05-25,957.45,960.075,952.925,958.97,11355
2009-05-26,958.82,958.92,940.98,951.8,20262
2009-05-27,951.8,959.655,946.775,949.8,38183
2009-05-28,949.8,965.31,944.55,959.41,41621
2009-05-29,959.41,980.35,959.01,979.1,46690
2009-06-01,979.38,988.935,973.605,975.05,36769
2009-06-02,975.05,986.825,969.555,981.75,31533
2009-06-03,981.75,990.305,960.605,963.0,29047
2009-06-04,963.0,981.955,960.955,980.2,33009
2009-06-05,980.2,983.77,953.1,955.35,26119
2009-06-08,955.25,960.15,943.565,951.92,20761
2009-06-09,952.01,962.225,947.565,954.71,27321
2009-06-10,954.9,965.57,947.18,954.3,29449
2009-06-11,954.26,962.105,942.995,954.79,29818
2009-06-12,954.88,958.31,936.215,939.26,25610
2009-06-15,938.36,939.17,926.275,928.33,24012
2009-06-16,928.23,939.715,927.23,934.77,24752
2009-06-17,934.67,940.415,928.015,938.58,25929
2009-06-18,938.62,943.41,930.415,933.44,24084
2009-06-19,933.47,939.29,931.36,934.08,20120
2009-06-22,934.48,935.28,918.36,922.62,22284
2009-06-23,922.58,926.865,913.21,925.73,23847
2009-06-24,925.57,942.405,922.6,931.37,27023
2009-06-25,931.32,940.105,930.21,939.13,23524
2009-06-26,939.13,948.675,936.625,939.63,14345
2009-06-29,940.63,942.935,933.23,937.99,14662
2009-06-30,938.03,945.145,923.56,926.44,20603
2009-07-01,926.4,946.535,926.2,940.69,21049
2009-07-02,940.63,941.72,926.66,929.77,20069
2009-07-03,929.75,934.48,927.97,932.62,7901
2009-07-06,932.62,932.65,920.805,925.07,18244
2009-07-07,925.13,932.27,921.43,924.54,20080
2009-07-08,924.55,925.85,905.165,909.49,24258
2009-07-09,909.63,918.605,906.56,912.32,20914
2009-07-10,912.29,915.455,907.005,912.99,19715
2009-07-13,912.99,923.485,908.065,920.25,21107
2009-07-14,920.29,927.87,918.03,925.67,20252
2009-07-15,925.62,942.295,924.76,939.14,19509
2009-07-16,939.29,940.645,932.815,937.36,17287
2009-07-17,937.51,940.125,931.985,937.58,15032
2009-07-20,937.25,955.385,937.25,948.85,18190
2009-07-21,948.8,953.9,944.5,948.6,18021
2009-07-22,948.65,954.67,944.93,951.28,18466
2009-07-23,951.33,957.525,947.56,949.21,19452
2009-07-24,949.31,954.325,947.36,951.37,16036
2009-07-27,951.82,959.14,948.06,953.84,18958
2009-07-28,953.9,956.86,934.42,937.56,18668
2009-07-29,937.48,941.13,925.81,929.91,19491
2009-07-30,929.82,937.235,928.83,934.43,14828
2009-07-31,934.47,956.995,932.67,954.05,19300
2009-08-03,953.35,962.395,952.195,956.86,23602
2009-08-04,956.89,970.31,951.26,966.89,25317
2009-08-05,966.85,968.19,959.08,963.49,22937
2009-08-06,963.55,971.865,956.465,963.45,24948
2009-08-07,963.47,965.58,953.46,955.09,25368
2009-08-10,955.34,956.99,942.68,946.34,23895
2009-08-11,946.29,949.905,942.185,946.14,17110
2009-08-12,946.2,952.425,940.26,947.06,19900
2009-08-13,947.13,960.745,946.78,954.99,19765
2009-08-14,955.05,959.34,942.495,948.46,20379
2009-08-17,947.77,948.45,930.45,934.61,21431
2009-08-18,934.7,940.09,933.05,938.63,17796
2009-08-19,938.58,945.21,932.19,942.04,20591
2009-08-20,942.07,945.925,937.485,940.71,17526
2009-08-21,940.8,958.19,938.005,953.83,19123
2009-08-24,953.46,957.09,935.11,941.53,18735
2009-08-25,941.43,954.56,941.38,944.73,21642
2009-08-26,944.63,950.12,940.22,945.59,17698
2009-08-27,945.64,950.79,941.83,948.15,18066
2009-08-28,948.05,962.0,948.05,954.98,18683
2009-08-31,956.23,960.73,943.63,951.25,13308
2009-09-01,951.1,957.16,946.615,956.24,22216
2009-09-02,956.27,980.555,951.7,978.45,23161
2009-09-03,978.55,997.585,974.58,991.93,28593
2009-09-04,992.02,996.375,985.66,994.08,25159
2009-09-07,994.45,996.775,991.065,995.09,9970
2009-09-08,995.47,1007.845,992.79,995.4,30021
2009-09-09,995.45,1003.375,987.555,992.35,28579
2009-09-10,992.4,998.665,983.115,996.59,26773
2009-09-11,996.44,1011.905,994.775,1005.16,27711
2009-09-14,1005.16,1008.1,993.61,1000.16,25842
2009-09-15,1000.1,1009.83,992.57,1007.62,25040
2009-09-16,1007.67,1020.88,1006.33,1017.33,31852
2009-09-17,1017.4,1024.28,1010.48,1013.62,28610
2009-09-18,1013.58,1017.94,1006.27,1007.64,24136
2009-09-21,1004.16,1007.02,996.06,1003.66,23594
2009-09-22,1003.63,1019.905,1002.84,1014.49,21526
2009-09-23,1014.55,1018.82,1006.21,1008.3,26424
2009-09-24,1008.05,1019.25,990.81,994.1,25722
2009-09-25,994.0,999.27,985.285,990.99,27814
2009-09-28,991.8,996.91,986.18,991.1,18325
2009-09-29,991.05,995.97,985.28,992.31,16014
2009-09-30,992.28,1009.3,991.76,1007.67,19279
2009-10-01,1007.71,1009.89,997.93,999.28,19826
2009-10-02,999.32,1007.71,986.9,1002.93,21254
2009-10-05,1002.3,1017.745,1001.2,1017.28,16522
2009-10-06,1017.22,1043.7,1015.58,1042.04,20501
2009-10-07,1042.0,1048.5,1036.67,1044.07,22749
2009-10-08,1044.03,1061.56,1043.16,1055.04,24616
2009-10-09,1054.93,1055.51,1043.76,1049.3,20081
2009-10-12,1049.15,1059.27,1047.355,1057.12,15288
2009-10-13,1057.09,1068.74,1051.31,1064.33,19678
2009-10-14,1064.29,1070.79,1056.22,1062.53,22307
2009-10-15,1062.57,1065.97,1046.71,1050.35,22495
2009-10-16,1050.38,1056.97,1043.2,1053.54,19545
2009-10-19,1051.87,1064.82,1048.16,1064.14,18670
2009-10-20,1064.18,1068.13,1052.14,1055.31,18880
2009-10-21,1055.35,1065.0,1048.06,1059.07,21313
2009-10-22,1059.13,1061.7,1051.75,1060.01,19471
2009-10-23,1059.91,1067.79,1050.25,1055.57,21668
2009-10-26,1055.07,1060.01,1037.91,1038.76,23460
2009-10-27,1039.0,1043.92,1032.77,1040.05,22938
2009-10-28,1040.0,1042.105,1026.81,1028.16,22339
2009-10-29,1028.19,1047.98,1026.86,1047.18,19605
2009-10-30,1047.15,1049.01,1035.31,1045.55,20551
2009-11-02,1044.75,1062.7,1041.98,1059.57,22705
2009-11-03,1059.68,1088.005,1055.5,1084.06,25236
2009-11-04,1084.1,1097.81,1080.02,1092.15,26583
2009-11-05,1092.19,1094.79,1084.17,1090.31,21398
2009-11-06,1090.28,1101.27,1086.74,1095.01,21161
2009-11-09,1097.97,1110.96,1095.77,1103.92,20023
2009-11-10,1103.95,1109.3,1097.12,1105.78,21357
2009-11-11,1105.74,1118.71,1105.45,1117.46,19823
2009-11-12,1117.5,1123.11,1102.77,1103.695,22600
2009-11-13,1103.605,1119.44,1101.26,1118.67,20606
2009-11-16,1118.83,1143.515,1118.83,1139.04,35620
2009-11-17,1138.94,1141.89,1128.18,1141.53,35294
2009-11-18,1141.29,1153.07,1136.125,1145.5,23868
2009-11-19,1145.54,1146.42,1130.15,1144.46,23351
2009-11-20,1144.41,1151.2,1132.64,1150.41,25233
2009-11-23,1150.61,1173.89,1150.61,1166.07,23331
2009-11-24,1165.97,1171.3,1158.115,1169.15,26056
2009-11-25,1169.06,1191.85,1166.935,1191.69,21025
2009-11-26,1191.78,1195.395,1180.59,1191.88,15290
2009-11-27,1191.85,1192.25,1137.77,1177.53,39285
2009-11-30,1177.68,1182.97,1164.14,1179.52,39951
2009-12-01,1179.46,1201.62,1175.505,1196.6,28094
2009-12-02,1196.65,1217.315,1195.1,1215.72,33279
2009-12-03,1215.77,1226.525,1204.48,1207.75,36635
2009-12-04,1207.7,1212.765,1147.65,1161.11,42705
2009-12-07,1161.55,1165.255,1135.435,1158.24,46795
2009-12-08,1158.27,1168.985,1124.765,1128.34,44460
2009-12-09,1128.2,1147.2,1116.5,1128.69,43723
2009-12-10,1128.72,1137.1,1121.275,1131.37,39483
2009-12-11,1131.32,1142.37,1109.45,1115.05,37424
2009-12-14,1115.54,1127.855,1110.78,1126.55,34375
2009-12-15,1126.47,1129.095,1111.54,1125.2,26896
2009-12-16,1125.25,1141.48,1121.585,1138.06,29916
2009-12-17,1138.15,1141.785,1094.925,1098.75,37380
2009-12-18,1098.7,1117.215,1096.75,1113.23,35873
2009-12-21,1112.47,1119.66,1090.295,1093.34,32173
2009-12-22,1093.41,1097.53,1074.735,1083.9,31945
2009-12-23,1083.86,1096.05,1079.57,1087.61,26146
2009-12-24,1087.65,1106.11,1087.1,1105.73,16368
2009-12-25,1105.53,1105.56,1104.46,1105.54,35
2009-12-28,1106.69,1113.885,1101.645,1107.07,18991
2009-12-29,1107.18,1108.455,1096.745,1096.85,22607
2009-12-30,1096.93,1098.16,1086.105,1092.92,23254
2009-12-31,1093.09,1106.955,1092.61,1097.12,16278
2010-01-01,1097.18,1097.38,1097.04,1097.38,44
2010-01-04,1097.88,1123.92,1093.45,1121.31,28588
2010-01-05,1121.36,1128.86,1115.31,1118.01,25863
2010-01-06,1118.04,1140.535,1116.63,1138.21,30136
2010-01-07,1138.24,1139.04,1128.585,1131.66,27736
2010-01-08,1131.59,1139.62,1119.805,1138.1,32298
2010-01-11,1137.96,1162.08,1137.96,1151.73,30045
2010-01-12,1151.64,1158.23,1125.0,1128.02,30085
2010-01-13,1128.12,1138.79,1118.695,1137.93,31826
2010-01-14,1137.9,1146.435,1130.975,1142.73,31959
2010-01-15,1142.83,1145.88,1126.78,1131.02,29763
2010-01-18,1130.9,1137.43,1127.7,1133.87,13477
2010-01-19,1133.96,1140.795,1128.995,1138.31,26571
2010-01-20,1138.35,1141.695,1107.145,1111.25,32926
2010-01-21,1111.28,1117.785,1088.69,1094.05,35609
2010-01-22,1093.91,1098.865,1082.375,1093.22,39264
2010-01-25,1092.92,1104.255,1092.67,1098.39,30826
2010-01-26,1098.35,1103.625,1085.715,1097.61,28714
2010-01-27,1097.64,1102.74,1083.595,1087.87,34816
2010-01-28,1088.18,1096.3,1074.21,1086.91,33171
2010-01-29,1086.75,1090.5,1074.78,1081.13,34934
2010-02-01,1081.07,1107.85,1076.73,1105.51,29800
2010-02-02,1105.65,1118.385,1099.075,1114.42,30220
2010-02-03,1114.36,1125.235,1107.285,1109.86,30814
2010-02-04,1109.92,1111.355,1059.7,1063.68,37835
2010-02-05,1063.99,1068.99,1044.475,1066.27,46667
2010-02-08,1066.45,1073.915,1061.83,1062.85,37173
2010-02-09,1062.94,1083.34,1062.27,1078.16,35503
2010-02-10,1078.25,1082.43,1063.38,1072.09,34785
2010-02-11,1072.2,1098.025,1071.65,1095.3,37437
2010-02-12,1095.15,1097.13,1077.89,1093.39,36523
2010-02-15,1093.57,1102.455,1091.865,1101.02,14470
2010-02-16,1100.98,1121.27,1098.39,1119.37,28903
2010-02-17,1119.32,1127.36,1105.38,1106.88,35869
2010-02-18,1107.04,1124.24,1097.935,1108.71,43525
2010-02-19,1108.67,1127.0,1099.36,1119.31,42359
2010-02-22,1118.75,1131.26,1110.23,1114.3,33537
2010-02-23,1114.47,1121.26,1099.505,1103.38,38602
2010-02-24,1103.61,1108.455,1090.17,1097.89,35015
2010-02-25,1097.78,1109.485,1088.435,1106.5,44338
2010-02-26,1106.55,1119.12,1104.42,1117.73,38694
2010-03-01,1117.98,1123.625,1112.025,1118.91,36766
2010-03-02,1118.85,1137.78,1114.945,1134.61,37596
2010-03-03,1134.64,1145.185,1132.335,1139.96,36718
2010-03-04,1140.03,1141.72,1125.88,1132.18,35096
2010-03-05,1132.21,1140.755,1127.48,1134.88,29228
2010-03-08,1135.0,1137.795,1118.69,1123.59,26323
2010-03-09,1123.65,1125.09,1108.665,1121.82,29514
2010-03-10,1121.33,1128.105,1103.43,1108.44,33984
2010-03-11,1108.49,1111.775,1100.665,1109.54,27994
2010-03-12,1109.48,1119.385,1098.535,1101.95,29197
2010-03-15,1101.75,1108.91,1101.34,1108.29,21172
2010-03-16,1108.42,1128.88,1108.2,1127.66,27429
2010-03-17,1127.5,1133.415,1118.49,1120.46,29568
2010-03-18,1120.6,1129.495,1118.265,1127.42,26274
2010-03-19,1127.36,1127.42,1101.505,1106.93,26254
2010-03-22,1107.45,1108.865,1092.555,1102.15,25093
2010-03-23,1102.2,1108.225,1094.535,1105.15,26668
2010-03-24,1105.1,1105.89,1085.315,1086.61,31801
2010-03-25,1086.54,1095.885,1085.81,1090.51,30616
2010-03-26,1090.42,1109.91,1088.81,1107.53,25994
2010-03-29,1108.45,1114.83,1103.475,1109.73,19991
2010-03-30,1109.64,1113.505,1101.745,1103.62,19414
2010-03-31,1103.64,1118.24,1102.49,1113.17,20126
2010-04-01,1113.26,1128.165,1111.695,1126.84,21660
2010-04-02,1126.8,1127.14,1116.78,1122.5,3006
2010-04-05,1124.5,1133.54,1120.15,1131.94,18567
2010-04-06,1131.9,1138.81,1122.905,1134.28,24408
2010-04-07,1134.2,1153.38,1132.63,1149.38,25505
2010-04-08,1149.41,1153.92,1143.755,1150.57,22455
2010-04-09,1150.51,1164.94,1149.57,1161.94,17678
2010-04-12,1163.44,1169.9,1154.3,1156.32,22623
2010-04-13,1156.38,1157.37,1145.16,1150.64,21355
2010-04-14,1150.68,1162.17,1150.435,1155.37,23075
2010-04-15,1155.46,1161.62,1150.23,1159.17,19067
2010-04-16,1159.14,1160.805,1129.995,1137.43,28626
2010-04-19,1136.43,1144.85,1106.43,1135.72,20462
2010-04-20,1135.76,1146.23,1133.595,1140.78,23274
2010-04-21,1140.85,1150.665,1137.86,1146.69,22066
2010-04-22,1146.74,1149.47,1131.79,1141.63,32272
2010-04-23,1141.32,1158.0,1135.06,1157.75,31557
2010-04-26,1157.0,1160.055,1150.9,1153.47,21301
2010-04-27,1153.74,1172.75,1146.41,1167.96,28904
2010-04-28,1168.0,1174.68,1160.715,1165.77,29143
2010-04-29,1165.93,1171.39,1162.17,1167.01,22574
2010-04-30,1166.83,1181.785,1166.83,1179.1,25375
2010-05-03,1179.1,1187.875,1176.76,1182.31,20152
2010-05-04,1182.37,1192.425,1167.015,1171.14,33337
2010-05-05,1171.28,1177.065,1156.595,1175.18,38610
2010-05-06,1175.0,1211.73,1172.645,1208.53,54255
2010-05-07,1208.39,1214.03,1192.8,1208.23,54846
2010-05-10,1207.45,1207.45,1184.08,1203.08,38172
2010-05-11,1203.03,1234.65,1201.165,1232.76,43584
2010-05-12,1232.67,1248.76,1227.06,1238.88,52537
2010-05-13,1238.82,1243.19,1227.34,1232.74,37606
2010-05-14,1232.9,1249.495,1217.545,1232.6,51602
2010-05-17,1231.25,1242.495,1219.28,1222.46,49714
2010-05-18,1222.57,1229.235,1206.92,1224.98,40400
2010-05-19,1225.03,1227.775,1186.67,1193.76,49300
2010-05-20,1193.78,1198.18,1175.245,1182.41,59109
2010-05-21,1182.6,1187.885,1166.15,1177.08,59444
2010-05-24,1178.07,1196.96,1177.4,1191.66,35845
2010-05-25,1191.69,1204.38,1185.36,1204.28,39765
2010-05-26,1204.23,1216.71,1200.88,1211.68,31952
2010-05-27,1211.71,1218.51,1205.88,1212.19,28325
2010-05-28,1212.68,1215.54,1202.23,1214.6,27383
2010-05-31,1213.33,1218.1,1209.84,1216.25,10932
2010-06-01,1216.28,1228.98,1214.69,1225.64,27787
2010-06-02,1225.54,1227.165,1213.405,1223.46,25576
2010-06-03,1223.5,1224.815,1200.915,1206.64,31037
2010-06-04,1206.7,1220.13,1196.595,1219.88,43519
2010-06-07,1219.58,1244.71,1210.72,1240.22,37167
2010-06-08,1240.43,1252.185,1233.505,1236.61,45354
2010-06-09,1236.66,1241.01,1221.795,1233.33,31492
2010-06-10,1233.13,1234.25,1214.95,1216.6,32709
2010-06-11,1216.56,1230.79,1216.27,1226.69,29105
2010-06-14,1227.66,1234.21,1216.23,1221.22,29179
2010-06-15,1221.32,1236.86,1219.895,1234.13,30819
2010-06-16,1233.99,1238.08,1226.99,1229.22,27502
2010-06-17,1229.36,1251.245,1229.14,1244.97,31385
2010-06-18,1244.9,1262.385,1241.825,1256.89,26053
2010-06-21,1257.21,1265.265,1230.76,1233.73,34569
2010-06-22,1233.69,1242.86,1232.11,1240.06,31562
2010-06-23,1240.0,1246.485,1224.835,1237.39,27422
2010-06-24,1237.44,1248.53,1227.83,1243.44,33606
2010-06-25,1243.4,1258.41,1241.09,1255.67,26314
2010-06-28,1255.26,1262.81,1235.8,1239.1,37282
2010-06-29,1239.15,1245.22,1227.28,1240.67,36840
2010-06-30,1240.52,1247.76,1234.69,1242.37,23387
2010-07-01,1242.62,1243.99,1196.61,1198.87,42062
2010-07-02,1198.97,1213.5,1198.33,1211.4,37433
2010-07-05,1212.1,1214.52,1205.96,1208.93,11621
2010-07-06,1209.0,1213.75,1189.35,1192.69,32656
2010-07-07,1192.63,1204.05,1185.05,1202.6,26759
2010-07-08,1202.55,1208.015,1187.46,1198.07,23080
2010-07-09,1198.28,1213.84,1194.565,1211.92,21570
2010-07-12,1211.65,1213.25,1196.39,1199.79,20009
2010-07-13,1196.87,1218.04,1196.58,1212.34,19434
2010-07-14,1212.44,1218.22,1202.64,1208.35,23516
2010-07-15,1208.25,1217.405,1203.855,1208.315,35773
2010-07-16,1208.285,1210.935,1186.135,1193.055,36838
2010-07-19,1196.07,1196.07,1177.58,1182.89,30692
2010-07-20,1182.92,1193.81,1175.62,1192.07,29843
2010-07-21,1192.01,1198.14,1183.49,1185.18,31535
2010-07-22,1184.98,1201.31,1181.19,1195.01,28204
2010-07-23,1195.08,1204.16,1184.18,1189.06,29605
2010-07-26,1188.15,1194.77,1179.88,1183.65,22390
2010-07-27,1183.7,1187.33,1158.22,1161.84,25014
2010-07-28,1161.75,1166.17,1156.83,1163.34,19551
2010-07-29,1163.39,1169.53,1159.43,1168.3,24239
2010-07-30,1168.25,1183.71,1165.825,1181.05,29199
2010-08-02,1181.85,1190.54,1174.61,1182.84,25599
2010-08-03,1182.8,1190.82,1179.51,1186.21,23734
2010-08-04,1186.16,1203.12,1184.91,1194.97,26214
2010-08-05,1195.02,1200.23,1190.04,1194.97,22318
2010-08-06,1194.93,1211.07,1192.515,1205.43,24348
2010-08-09,1205.68,1209.94,1199.09,1201.31,19173
2010-08-10,1201.4,1207.815,1190.72,1204.27,27775
2010-08-11,1204.3,1208.11,1192.58,1198.11,31181
2010-08-12,1198.16,1216.06,1196.67,1213.9,21544
2010-08-13,1213.8,1217.73,1210.66,1215.41,22971
2010-08-16,1214.65,1227.55,1214.35,1225.23,18200
2010-08-17,1225.13,1229.13,1222.645,1224.84,18415
2010-08-18,1224.69,1232.425,1217.395,1229.3,22759
2010-08-19,1229.38,1237.57,1227.865,1232.05,21525
2010-08-20,1232.0,1233.79,1222.09,1228.01,21458
2010-08-23,1227.7,1232.065,1221.94,1226.08,20251
2010-08-24,1225.93,1235.47,1210.19,1230.53,26542
2010-08-25,1230.5,1241.53,1229.125,1240.04,27047
2010-08-26,1240.09,1244.425,1234.16,1237.58,20986
2010-08-27,1237.68,1242.42,1231.99,1238.05,23292
2010-08-30,1237.65,1238.8,1233.395,1236.9,15813
2010-08-31,1236.81,1249.97,1231.94,1247.42,25487
2010-09-01,1247.51,1254.78,1242.63,1244.32,26738
2010-09-02,1244.35,1253.39,1243.625,1251.0,22786
2010-09-03,1250.91,1253.94,1237.94,1246.82,25732
2010-09-06,1248.77,1251.28,1246.945,1249.82,6964
2010-09-07,1249.99,1259.9,1244.9,1255.59,20654
2010-09-08,1255.64,1262.81,1253.43,1255.12,25936
2010-09-09,1254.97,1258.95,1242.32,1243.82,26926
2010-09-10,1243.75,1251.33,1236.76,1246.31,22421
2010-09-13,1246.03,1249.46,1241.14,1245.33,21687
2010-09-14,1245.77,1274.9,1244.85,1268.19,30863
2010-09-15,1268.15,1272.06,1263.23,1268.1,28128
2010-09-16,1268.06,1277.89,1264.88,1275.3,27546
2010-09-17,1275.1,1282.93,1272.02,1274.15,26231
2010-09-20,1276.75,1283.82,1274.355,1278.31,23025
2010-09-21,1278.1,1290.77,1270.91,1287.22,33721
2010-09-22,1287.25,1296.28,1286.33,1291.25,33777
2010-09-23,1291.3,1296.04,1286.97,1292.19,28401
2010-09-24,1292.29,1300.035,1291.31,1296.74,32110
2010-09-27,1296.76,1300.085,1294.03,1294.3,17483
2010-09-28,1294.25,1310.21,1280.62,1309.09,35918
2010-09-29,1309.14,1313.535,1305.615,1309.81,31172
2010-09-30,1309.87,1316.025,1295.865,1308.66,37205
2010-10-01,1308.69,1320.695,1306.35,1318.91,30793
2010-10-04,1318.38,1320.13,1312.45,1315.23,25694
2010-10-05,1315.26,1341.84,1312.44,1340.79,37840
2010-10-06,1340.91,1349.88,1339.05,1348.99,38110
2010-10-07,1348.96,1364.985,1325.78,1333.59,64896
2010-10-08,1333.56,1349.95,1324.905,1346.38,57245
2010-10-11,1348.5,1355.47,1340.385,1354.08,38964
2010-10-12,1353.98,1355.55,1340.765,1350.44,46195
2010-10-13,1350.39,1374.675,1349.35,1372.12,44101
2010-10-14,1372.0,1387.285,1370.445,1381.09,51299
2010-10-15,1381.06,1385.615,1362.335,1368.48,63516
2010-10-18,1369.53,1375.095,1352.815,1368.58,44398
2010-10-19,1368.7,1371.165,1328.47,1332.01,66226
2010-10-20,1331.9,1347.325,1330.685,1346.15,53411
2010-10-21,1346.19,1349.395,1318.025,1325.65,60832
2010-10-22,1325.68,1328.605,1315.335,1328.48,49218
2010-10-25,1327.43,1349.315,1327.43,1339.88,44277
2010-10-26,1339.73,1343.665,1328.15,1340.46,45370
2010-10-27,1340.49,1343.645,1319.07,1325.36,55370
2010-10-28,1325.33,1346.06,1323.095,1344.13,46628
2010-10-29,1344.18,1359.55,1335.375,1359.39,50196
2010-11-01,1358.76,1366.1,1349.295,1353.86,39804
2010-11-02,1353.98,1360.005,1350.515,1357.54,36831
2010-11-03,1357.43,1364.795,1325.56,1348.61,64323
2010-11-04,1348.65,1393.51,1347.055,1392.47,57274
2010-11-05,1392.51,1398.335,1373.57,1393.72,68806
2010-11-08,1394.4,1410.535,1386.895,1409.49,49773
2010-11-09,1409.52,1424.52,1382.73,1392.95,73570
2010-11-10,1393.22,1410.22,1383.88,1403.89,85978
2010-11-11,1403.97,1417.855,1397.285,1408.42,69804
2010-11-12,1408.33,1410.35,1359.715,1368.72,95879
2010-11-15,1369.57,1376.975,1355.835,1360.67,77485
2010-11-16,1360.63,1364.785,1329.755,1339.7,86734
2010-11-17,1339.55,1345.095,1331.045,1336.02,64827
2010-11-18,1335.99,1359.42,1333.76,1353.38,57633
2010-11-19,1353.38,1363.4,1341.71,1353.65,61063
2010-11-22,1354.0,1367.94,1348.56,1366.85,54760
2010-11-23,1366.77,1382.685,1356.29,1376.58,67596
2010-11-24,1376.51,1381.57,1369.43,1373.29,44969
2010-11-25,1373.36,1375.36,1367.985,1374.78,16069
2010-11-26,1374.75,1375.9,1351.05,1363.54,37443
2010-11-29,1363.37,1369.345,1353.29,1366.3,54051
2010-11-30,1366.08,1390.07,1362.935,1386.16,54312
2010-12-01,1386.25,1397.1,1381.64,1387.82,57674
2010-12-02,1387.76,1398.485,1382.95,1385.16,60096
2010-12-03,1385.13,1415.85,1384.63,1414.09,57396
2010-12-06,1414.93,1427.585,1409.08,1423.68,50412
2010-12-07,1423.8,1431.375,1396.58,1401.8,68870
2010-12-08,1401.76,1404.67,1371.08,1381.91,69557
2010-12-09,1381.8,1394.675,1380.18,1386.98,51702
2010-12-10,1387.08,1392.165,1372.225,1386.08,53406
2010-12-13,1383.97,1399.395,1380.33,1394.2,49407
2010-12-14,1394.17,1408.265,1391.995,1396.14,59416
2010-12-15,1396.18,1397.3,1378.32,1380.66,50063
2010-12-16,1380.61,1386.56,1361.21,1369.98,55432
2010-12-17,1370.13,1378.94,1364.78,1375.29,49743
2010-12-20,1374.81,1388.315,1374.81,1385.27,37891
2010-12-21,1385.22,1392.305,1380.965,1385.51,33140
2010-12-22,1385.56,1391.08,1383.03,1385.38,26548
2010-12-23,1385.43,1388.495,1372.285,1380.02,27063
2010-12-24,1379.98,1385.71,1378.51,1383.65,1110
2010-12-27,1382.78,1386.42,1372.5,1383.64,19059
2010-12-28,1383.69,1406.955,1382.61,1406.03,30292
2010-12-29,1406.18,1414.28,1401.28,1411.77,27743
2010-12-30,1411.82,1414.895,1403.145,1404.7,23921
2010-12-31,1404.75,1421.5,1404.13,1421.46,15686
2011-01-03,1419.1,1424.055,1412.675,1414.68,33743
2011-01-04,1414.6,1417.455,1375.01,1380.58,50724
2011-01-05,1380.78,1384.99,1363.955,1378.15,52622
2011-01-06,1378.21,1379.905,1364.6,1371.48,49242
2011-01-07,1371.55,1379.07,1352.925,1369.55,58264
2011-01-10,1369.85,1376.42,1365.485,1375.7,41375
2011-01-11,1375.73,1386.735,1372.775,1381.52,40929
2011-01-12,1381.48,1388.965,1376.725,1387.95,39674
2011-01-13,1387.98,1393.25,1369.67,1373.38,43541
2011-01-14,1373.33,1378.215,1355.205,1361.98,53345
2011-01-17,1361.75,1365.88,1357.36,1361.42,20818
2011-01-18,1361.42,1376.415,1360.79,1368.38,40310
2011-01-19,1368.28,1379.405,1366.11,1369.99,40078
2011-01-20,1369.69,1371.345,1343.49,1346.03,47459
2011-01-21,1346.09,1350.415,1337.925,1342.73,44299
2011-01-24,1342.68,1353.175,1332.73,1334.31,35000
2011-01-25,1334.34,1338.625,1322.805,1332.43,48347
2011-01-26,1332.48,1346.93,1325.195,1346.03,38645
2011-01-27,1346.09,1348.165,1310.455,1313.57,41618
2011-01-28,1313.5,1347.355,1308.41,1336.81,49619
2011-01-31,1338.83,1346.275,1323.34,1332.64,45531
2011-02-01,1332.71,1343.345,1325.525,1341.4,41424
2011-02-02,1341.36,1344.28,1326.86,1335.22,37472
2011-02-03,1335.17,1356.055,1325.0,1354.49,41031
2011-02-04,1354.45,1358.955,1345.155,1348.77,39779
2011-02-07,1349.06,1353.47,1343.77,1351.37,27101
2011-02-08,1351.32,1368.165,1348.575,1363.89,31630
2011-02-09,1363.92,1367.14,1358.05,1363.65,28557
2011-02-10,1363.68,1366.33,1351.21,1363.71,29691
2011-02-11,1363.74,1368.765,1354.08,1356.95,34574
2011-02-14,1356.6,1366.965,1354.13,1361.86,24879
2011-02-15,1361.82,1376.78,1360.89,1373.77,25472
2011-02-16,1373.74,1382.17,1368.37,1374.37,30821
2011-02-17,1374.42,1385.12,1374.375,1383.99,22917
2011-02-18,1384.02,1392.15,1381.885,1390.11,28038
2011-02-21,1389.36,1408.47,1389.36,1406.62,20279
2011-02-22,1406.53,1411.045,1392.97,1399.1,41738
2011-02-23,1399.17,1416.885,1395.735,1411.61,33973
2011-02-24,1411.66,1418.325,1392.41,1402.67,43960
2011-02-25,1402.74,1411.835,1399.97,1410.54,33527
2011-02-28,1410.54,1416.555,1404.905,1411.22,32895
2011-03-01,1411.28,1435.135,1409.485,1433.56,32737
2011-03-02,1433.45,1440.32,1427.89,1434.41,33997
2011-03-03,1434.45,1436.365,1410.305,1415.76,47268
2011-03-04,1416.11,1432.295,1413.49,1430.99,34640
2011-03-07,1432.74,1444.92,1428.17,1432.01,45452
2011-03-08,1432.03,1437.0,1423.44,1428.97,38244
2011-03-09,1429.02,1436.485,1423.25,1430.78,32691
2011-03-10,1430.83,1431.93,1403.08,1411.88,47290
2011-03-11,1411.85,1424.35,1404.925,1417.81,45744
2011-03-14,1420.57,1433.1,1418.435,1426.35,41061
2011-03-15,1426.32,1429.01,1381.025,1395.67,65856
2011-03-16,1395.7,1406.12,1392.475,1398.92,48232
2011-03-17,1398.89,1405.31,1386.81,1403.93,45621
2011-03-18,1403.89,1423.995,1402.275,1418.55,40991
2011-03-21,1422.3,1434.965,1422.3,1427.56,34918
2011-03-22,1427.48,1432.235,1419.565,1427.66,33822
2011-03-23,1427.81,1441.105,1425.855,1437.075,30240
2011-03-24,1437.105,1447.85,1423.85,1430.31,42361
2011-03-25,1430.44,1438.05,1422.23,1430.01,40702
2011-03-28,1428.38,1429.55,1410.295,1420.31,36679
2011-03-29,1420.37,1423.44,1411.14,1418.53,29677
2011-03-30,1418.56,1430.285,1412.035,1422.93,34826
2011-03-31,1423.01,1439.61,1420.6,1432.49,33404
2011-04-01,1432.49,1436.435,1412.855,1429.03,43244
2011-04-04,1429.43,1438.863,1428.062,1433.977,28813
2011-04-05,1433.955,1457.253,1430.125,1455.968,39129
2011-04-06,1455.78,1462.41,1451.472,1459.675,36283
2011-04-07,1459.643,1465.28,1452.804,1458.191,43239
2011-04-08,1458.217,1475.215,1456.598,1474.837,39060
2011-04-11,1475.37,1476.534,1459.442,1463.224,48839
2011-04-12,1463.202,1467.432,1444.21,1452.897,59972
2011-04-13,1452.947,1462.474,1451.279,1457.317,45785
2011-04-14,1457.362,1474.923,1452.54,1474.275,56188
2011-04-15,1474.243,1488.251,1471.555,1486.98,54305
2011-04-18,1486.23,1497.937,1477.375,1495.307,56874
2011-04-19,1495.263,1499.785,1487.744,1496.365,44470
2011-04-20,1496.338,1506.035,1493.413,1502.341,52269
2011-04-21,1502.377,1509.073,1500.53,1504.903,48111
2011-04-22,1504.838,1512.798,1503.738,1506.6,1201
2011-04-25,1508.4,1518.458,1502.132,1507.113,57231
2011-04-26,1507.075,1508.257,1493.008,1506.245,43547
2011-04-27,1506.267,1530.371,1503.15,1527.123,57091
2011-04-28,1527.155,1538.557,1524.296,1536.32,68636
2011-04-29,1536.355,1569.465,1532.06,1563.75,54336
2011-05-02,1563.75,1576.557,1540.317,1545.388,105972
2011-05-03,1545.275,1551.318,1527.14,1535.967,93992
2011-05-04,1535.94,1543.303,1506.095,1516.265,96695
2011-05-05,1516.213,1522.102,1462.71,1474.275,137030
2011-05-06,1474.312,1498.491,1471.328,1495.55,121070
2011-05-09,1496.65,1514.045,1490.123,1513.797,77762
2011-05-10,1513.775,1519.774,1505.961,1516.352,60532
2011-05-11,1516.375,1526.687,1495.785,1501.371,80556
2011-05-12,1501.313,1508.137,1478.245,1505.97,96373
2011-05-13,1506.0,1516.562,1482.88,1495.035,76231
2011-05-16,1494.25,1504.566,1487.56,1489.318,65248
2011-05-17,1489.288,1497.756,1471.924,1486.762,71791
2011-05-18,1486.738,1500.009,1485.054,1497.171,51802
2011-05-19,1497.192,1499.858,1486.415,1493.27,54885
2011-05-20,1493.34,1515.961,1486.886,1511.85,66062
2011-05-23,1512.9,1519.041,1504.045,1517.088,67905
2011-05-24,1517.112,1527.953,1513.416,1526.613,51196
2011-05-25,1526.652,1532.361,1521.304,1525.292,46995
2011-05-26,1525.325,1531.019,1514.74,1519.209,53395
2011-05-27,1519.188,1538.458,1518.538,1536.433,32951
2011-05-30,1536.7,1539.144,1534.269,1538.735,13493
2011-05-31,1538.713,1540.922,1532.318,1535.639,42393
2011-06-01,1535.663,1550.468,1529.538,1539.862,51885
2011-06-02,1539.84,1544.516,1519.659,1533.689,53122
2011-06-03,1533.663,1546.908,1524.097,1542.075,60562
2011-06-06,1542.575,1553.715,1540.982,1544.705,40508
2011-06-07,1544.762,1550.315,1536.211,1544.182,41670
2011-06-08,1544.125,1546.447,1530.983,1537.549,46643
2011-06-09,1537.513,1549.738,1533.32,1544.073,41483
2011-06-10,1544.037,1545.487,1526.063,1531.23,43022
2011-06-13,1531.25,1532.837,1510.908,1515.862,50413
2011-06-14,1515.838,1526.303,1512.225,1523.92,47115
2011-06-15,1523.957,1534.66,1514.18,1530.965,58836
2011-06-16,1530.925,1533.225,1521.742,1529.83,45262
2011-06-17,1529.78,1542.214,1522.629,1539.45,43877
2011-06-20,1539.44,1547.211,1533.014,1540.692,38346
2011-06-21,1540.737,1548.158,1538.763,1546.348,34909
2011-06-22,1546.313,1558.239,1541.346,1549.006,43396
2011-06-23,1549.062,1549.474,1511.985,1521.193,66375
2011-06-24,1521.325,1525.767,1498.514,1502.61,61379
2011-06-27,1502.1,1505.456,1490.798,1497.883,51270
2011-06-28,1497.942,1506.427,1495.831,1501.342,40450
2011-06-29,1501.387,1513.225,1500.391,1512.33,41313
2011-06-30,1512.362,1514.089,1498.801,1500.081,44519
2011-07-01,1500.137,1502.742,1478.257,1487.75,50338
2011-07-04,1487.15,1496.792,1486.295,1496.5,14312
2011-07-05,1496.5,1516.756,1493.421,1515.916,32416
2011-07-06,1515.842,1533.894,1510.269,1529.003,44598
2011-07-07,1529.037,1534.6,1522.999,1532.372,39072
2011-07-08,1532.338,1545.575,1524.841,1544.2,42279
2011-07-11,1544.3,1557.03,1541.881,1553.667,39524
2011-07-12,1553.625,1573.736,1540.809,1567.795,55130
2011-07-13,1567.85,1588.041,1564.472,1582.35,52892
2011-07-14,1582.317,1594.447,1579.043,1587.325,61444
2011-07-15,1587.3,1593.945,1576.014,1593.7,50366
2011-07-18,1593.7,1607.474,1591.705,1604.899,48949
2011-07-19,1604.875,1610.196,1582.558,1588.462,51696
2011-07-20,1588.492,1601.711,1581.242,1600.519,49935
2011-07-21,1600.542,1604.598,1584.888,1590.6,61972
2011-07-22,1590.574,1607.4,1583.633,1601.4,43217
2011-07-25,1600.45,1623.837,1600.45,1614.106,52447
2011-07-26,1614.075,1620.46,1608.077,1619.37,43187
2011-07-27,1619.338,1628.666,1608.997,1613.555,44329
2011-07-28,1613.592,1620.349,1603.057,1616.05,44957
2011-07-29,1615.968,1632.826,1610.743,1627.15,55052
2011-08-01,1626.65,1632.034,1605.9,1619.514,62383
2011-08-02,1619.541,1661.171,1616.634,1661.077,66171
2011-08-03,1661.105,1672.621,1652.038,1661.735,54375
2011-08-04,1661.806,1682.276,1642.357,1646.489,113170
2011-08-05,1646.542,1670.246,1641.845,1663.7,110638
2011-08-08,1671.3,1720.71,1671.3,1719.5,129981
2011-08-09,1719.45,1779.834,1715.349,1740.483,218729
2011-08-10,1740.35,1798.0,1737.825,1793.2,173588
2011-08-11,1793.25,1814.903,1732.326,1763.95,217438
2011-08-12,1763.8,1768.154,1723.482,1746.55,128200
2011-08-15,1746.75,1766.635,1728.459,1765.967,86353
2011-08-16,1766.0,1787.243,1761.259,1785.707,90383
2011-08-17,1785.74,1794.863,1779.122,1791.252,63034
2011-08-18,1791.28,1828.929,1784.153,1823.792,92661
2011-08-19,1823.842,1877.9,1821.823,1852.05,173469
2011-08-22,1854.0,1898.873,1854.0,1897.673,102269
2011-08-23,1897.715,1912.277,1823.811,1828.473,143686
2011-08-24,1828.582,1854.166,1750.027,1759.16,153995
2011-08-25,1759.044,1775.253,1703.166,1775.09,201075
2011-08-26,1775.152,1829.15,1757.626,1828.8,160684
2011-08-29,1833.05,1838.15,1776.135,1788.282,117851
2011-08-30,1788.326,1840.727,1783.791,1835.344,106463
2011-08-31,1835.293,1840.072,1811.517,1825.62,98317
2011-09-01,1825.549,1830.897,1813.715,1826.184,67872
2011-09-02,1826.22,1884.864,1824.608,1883.05,78609
2011-09-05,1886.25,1903.573,1874.521,1901.647,51959
2011-09-06,1900.2,1921.07,1859.449,1875.31,157019
2011-09-07,1875.262,1896.678,1793.115,1817.667,160772
2011-09-08,1817.707,1870.748,1813.846,1870.251,132954
2011-09-09,1870.215,1886.269,1823.367,1855.5,167882
2011-09-12,1856.0,1862.462,1801.587,1814.846,142363
2011-09-13,1814.893,1844.121,1794.975,1833.585,111863
2011-09-14,1833.547,1844.905,1808.76,1819.784,98808
2011-09-15,1819.845,1826.636,1772.856,1788.595,110177
2011-09-16,1788.64,1821.876,1762.792,1811.65,92927
2011-09-19,1812.45,1827.995,1770.446,1778.798,95797
2011-09-20,1778.897,1811.808,1770.026,1803.652,92009
2011-09-21,1803.69,1816.69,1778.976,1782.268,108870
2011-09-22,1782.185,1786.482,1721.009,1740.2,152974
2011-09-23,1740.127,1755.575,1629.369,1656.8,136239
2011-09-26,1656.8,1663.975,1533.207,1626.973,175730
2011-09-27,1627.062,1677.095,1615.16,1650.977,140740
2011-09-28,1651.012,1669.437,1598.788,1609.25,146835
2011-09-29,1609.113,1635.371,1583.365,1614.712,131873
2011-09-30,1614.805,1640.828,1606.962,1623.813,108446
2011-10-03,1624.225,1664.711,1618.75,1658.561,105402
2011-10-04,1658.526,1678.775,1596.009,1623.868,124438
2011-10-05,1623.806,1647.114,1597.76,1641.056,115235
2011-10-06,1641.008,1655.196,1631.844,1651.373,105244
2011-10-07,1651.313,1666.593,1626.278,1638.1,107499
2011-10-10,1639.63,1677.844,1638.34,1676.834,72001
2011-10-11,1676.903,1684.827,1653.932,1662.3,77836
2011-10-12,1662.25,1692.337,1659.946,1676.17,76154
2011-10-13,1676.245,1684.581,1652.998,1668.05,83671
2011-10-14,1668.083,1683.934,1661.305,1680.833,57785
2011-10-17,1680.55,1695.102,1664.937,1670.861,67038
2011-10-18,1670.822,1676.974,1627.064,1657.918,101672
2011-10-19,1657.879,1665.38,1639.861,1640.691,77017
2011-10-20,1640.769,1645.031,1603.958,1620.777,124925
2011-10-21,1620.72,1648.672,1611.85,1641.765,84018
2011-10-24,1641.6,1662.052,1635.637,1653.701,67403
2011-10-25,1653.76,1709.054,1643.939,1705.224,93580
2011-10-26,1705.295,1726.736,1695.351,1724.919,84001
2011-10-27,1724.852,1750.092,1706.224,1744.775,84272
2011-10-28,1744.848,1752.728,1732.408,1744.175,61606
2011-10-31,1742.35,1745.241,1704.567,1714.985,101580
2011-11-01,1715.048,1724.448,1681.414,1719.844,117512
2011-11-02,1719.886,1744.35,1714.536,1738.515,89884
2011-11-03,1738.58,1767.913,1722.886,1763.812,112352
2011-11-04,1763.884,1764.82,1749.089,1754.863,68659
2011-11-07,1754.284,1798.579,1752.883,1795.16,58844
2011-11-08,1795.213,1803.023,1777.089,1786.272,65204
2011-11-09,1786.198,1799.81,1764.195,1769.918,87876
2011-11-10,1769.869,1775.631,1735.97,1758.398,90947
2011-11-11,1758.306,1789.483,1745.773,1788.551,63156
2011-11-14,1789.375,1796.316,1773.883,1780.424,44879
2011-11-15,1780.36,1786.326,1760.382,1780.84,47724
2011-11-16,1780.764,1783.723,1753.503,1763.4,60456
2011-11-17,1763.475,1767.122,1710.627,1721.506,77820
2011-11-18,1721.434,1737.779,1711.129,1723.812,65549
2011-11-21,1725.512,1726.611,1666.688,1677.365,76841
2011-11-22,1677.457,1705.694,1670.803,1699.591,60478
2011-11-23,1699.666,1710.165,1677.379,1692.453,59461
2011-11-24,1692.354,1702.0,1687.795,1695.517,23457
2011-11-25,1695.517,1698.054,1672.04,1681.145,42698
2011-11-28,1684.395,1720.747,1683.45,1712.569,42770
2011-11-29,1712.446,1720.247,1703.967,1715.623,38608
2011-11-30,1715.537,1750.32,1700.882,1746.371,61300
2011-12-01,1746.467,1754.378,1733.836,1744.784,40196
2011-12-02,1744.695,1763.305,1738.177,1746.4,38126
2011-12-05,1745.8,1755.027,1717.948,1722.795,44004
2011-12-06,1722.795,1733.172,1702.272,1728.664,48588
2011-12-07,1728.571,1742.895,1720.317,1741.984,42117
2011-12-08,1742.076,1756.306,1704.158,1708.374,58875
2011-12-09,1708.278,1724.138,1703.676,1711.326,48906
2011-12-12,1712.076,1714.936,1657.428,1666.513,48680
2011-12-13,1666.428,1678.207,1622.556,1631.365,60497
2011-12-14,1631.445,1641.813,1563.809,1574.022,79268
2011-12-15,1574.117,1594.063,1560.503,1570.436,73843
2011-12-16,1570.366,1601.443,1570.033,1599.012,51608
2011-12-19,1599.956,1608.843,1583.512,1594.346,47946
2011-12-20,1594.263,1618.647,1592.427,1615.572,32854
2011-12-21,1615.685,1641.865,1606.111,1615.176,45892
2011-12-22,1615.054,1617.006,1598.075,1606.176,37293
2011-12-23,1606.176,1614.03,1602.78,1607.032,18777
2011-12-26,1607.532,1614.032,1598.522,1602.05,142
2011-12-27,1603.05,1607.63,1589.759,1593.035,19612
2011-12-28,1593.035,1593.218,1549.814,1556.887,36019
2011-12-29,1556.591,1561.57,1522.774,1545.735,49489
2011-12-30,1545.735,1581.593,1545.735,1564.962,34959
2012-01-03,1564.962,1607.436,1564.962,1604.029,36454
2012-01-04,1603.98,1618.723,1592.969,1612.027,47478
2012-01-05,1611.494,1625.704,1596.954,1622.688,50825
2012-01-06,1622.641,1631.319,1608.692,1617.566,48074
2012-01-09,1616.4,1623.743,1605.211,1611.335,41153
2012-01-10,1610.792,1640.455,1608.7,1632.623,35813
2012-01-11,1632.444,1647.278,1630.327,1641.938,37619
2012-01-12,1641.938,1662.131,1640.305,1650.106,36346
2012-01-13,1650.106,1650.106,1625.507,1639.5,45423
2012-01-16,1638.5,1647.085,1631.569,1643.705,22411
2012-01-17,1643.725,1667.684,1641.971,1652.304,34488
2012-01-18,1652.304,1662.525,1642.727,1659.903,44048
2012-01-19,1659.903,1670.235,1649.322,1658.592,36658
2012-01-20,1658.511,1666.958,1645.161,1666.523,34753
2012-01-23,1665.493,1681.56,1662.8,1676.83,33605
2012-01-24,1676.83,1679.838,1661.62,1665.589,31619
2012-01-25,1665.589,1713.106,1649.17,1710.657,44342
2012-01-26,1710.206,1730.849,1703.231,1720.935,44188
2012-01-27,1721.297,1739.979,1714.636,1738.683,34993
2012-01-30,1739.433,1739.97,1716.518,1729.823,33579
2012-01-31,1729.459,1747.728,1726.251,1737.798,39316
2012-02-01,1737.709,1751.126,1732.728,1744.36,35208
2012-02-02,1744.27,1761.17,1741.064,1759.455,37914
2012-02-03,1759.455,1763.242,1723.777,1726.189,45788
2012-02-06,1726.189,1738.258,1711.983,1720.138,40019
2012-02-07,1720.228,1749.979,1710.32,1745.329,42142
2012-02-08,1745.4,1752.18,1724.535,1733.738,40843
2012-02-09,1733.738,1752.611,1726.05,1729.337,49568
2012-02-10,1729.251,1734.848,1704.75,1722.096,46550
2012-02-13,1721.346,1733.337,1716.231,1722.303,35427
2012-02-14,1722.303,1727.828,1712.253,1720.236,42881
2012-02-15,1720.35,1737.425,1718.706,1728.173,37169
2012-02-16,1728.11,1730.034,1705.391,1728.287,42790
2012-02-17,1728.193,1735.875,1717.268,1723.384,30505
2012-02-20,1724.884,1737.272,1724.884,1735.05,18011
2012-02-21,1734.85,1759.971,1730.983,1759.259,34739
2012-02-22,1759.172,1781.817,1749.348,1776.461,34397
2012-02-23,1776.545,1787.441,1772.289,1780.676,35012
2012-02-24,1780.621,1782.893,1770.6,1772.413,32750
2012-02-27,1773.163,1779.437,1761.649,1767.61,34413
2012-02-28,1767.658,1790.214,1765.898,1784.253,35862
2012-02-29,1784.15,1790.792,1688.483,1696.912,79058
2012-03-01,1696.994,1726.175,1694.795,1718.143,68844
2012-03-02,1718.223,1724.39,1705.033,1712.555,46311
2012-03-05,1711.455,1716.872,1694.029,1706.391,44521
2012-03-06,1706.343,1709.036,1663.34,1674.443,60074
2012-03-07,1674.365,1688.268,1671.363,1684.9,38985
2012-03-08,1684.993,1704.015,1683.456,1699.848,37367
2012-03-09,1699.899,1715.307,1676.67,1713.925,46772
2012-03-12,1713.425,1716.809,1692.583,1701.285,44584
2012-03-13,1701.144,1705.826,1662.022,1674.018,52964
2012-03-14,1673.914,1682.461,1634.612,1644.731,53220
2012-03-15,1644.66,1666.694,1636.246,1658.65,45160
2012-03-16,1658.65,1664.864,1639.836,1660.023,39448
2012-03-19,1660.043,1669.913,1652.357,1664.398,29316
2012-03-20,1664.333,1664.748,1641.513,1650.791,35616
2012-03-21,1650.791,1661.933,1646.666,1650.807,34640
2012-03-22,1650.851,1656.542,1628.18,1646.048,42431
2012-03-23,1645.961,1666.515,1642.236,1661.975,35946
2012-03-26,1661.935,1693.659,1655.688,1690.172,35135
2012-03-27,1690.105,1697.248,1679.698,1680.723,29480
2012-03-28,1680.652,1684.621,1654.873,1663.497,33930
2012-03-29,1663.424,1664.962,1645.233,1661.614,31515
2012-03-30,1661.541,1671.126,1659.783,1668.324,28258
2012-04-02,1668.854,1683.584,1663.056,1677.812,26823
2012-04-03,1677.812,1681.15,1639.05,1646.015,39377
2012-04-04,1645.946,1648.184,1612.431,1620.605,42876
2012-04-05,1620.65,1633.674,1620.043,1631.224,29287
2012-04-06,1631.144,1641.937,1627.611,1640.0,651
2012-04-09,1640.5,1648.837,1635.69,1640.291,24674
2012-04-10,1640.201,1663.105,1632.036,1659.879,39037
2012-04-11,1659.97,1662.684,1653.005,1658.899,32140
2012-04-12,1658.997,1680.24,1650.619,1675.793,31429
2012-04-13,1675.748,1679.443,1649.425,1658.402,35424
2012-04-16,1658.732,1658.732,1641.471,1651.928,34538
2012-04-17,1652.028,1657.577,1634.621,1649.598,31106
2012-04-18,1649.67,1654.498,1637.975,1642.172,28470
2012-04-19,1642.085,1653.944,1631.221,1642.796,36796
2012-04-20,1642.796,1647.353,1638.656,1643.055,24546
2012-04-23,1642.493,1643.432,1623.37,1638.817,28153
2012-04-24,1638.736,1649.417,1634.151,1642.141,22091
2012-04-25,1642.073,1646.701,1625.011,1643.827,34924
2012-04-26,1643.752,1661.188,1641.999,1657.389,24390
2012-04-27,1657.308,1667.801,1650.708,1662.988,22871
2012-04-30,1662.988,1666.269,1646.133,1664.879,21452
2012-05-01,1664.811,1671.609,1657.144,1662.404,17573
2012-05-02,1662.331,1663.241,1646.161,1653.539,26041
2012-05-03,1653.449,1653.754,1631.17,1636.034,29437
2012-05-04,1636.108,1647.513,1626.691,1642.371,30163
2012-05-07,1640.866,1642.626,1632.135,1638.482,22823
2012-05-08,1638.434,1639.192,1595.479,1605.575,34907
2012-05-09,1605.526,1606.578,1579.587,1589.575,43325
2012-05-10,1589.644,1602.045,1585.834,1594.099,28354
2012-05-11,1594.03,1595.189,1573.622,1579.481,30236
2012-05-14,1582.094,1585.852,1556.163,1556.647,32706
2012-05-15,1556.564,1564.371,1541.657,1544.004,31377
2012-05-16,1544.091,1552.296,1527.117,1539.603,58889
2012-05-17,1539.672,1579.997,1538.813,1574.181,55756
2012-05-18,1574.181,1597.585,1568.125,1593.139,53474
2012-05-21,1593.489,1599.234,1584.997,1593.215,40022
2012-05-22,1593.304,1594.543,1561.649,1568.537,41772
2012-05-23,1568.625,1568.912,1533.557,1561.48,68271
2012-05-24,1561.398,1578.043,1551.687,1559.179,58185
2012-05-25,1559.08,1574.298,1551.42,1572.913,47216
2012-05-28,1573.163,1583.437,1571.569,1575.588,20964
2012-05-29,1575.588,1582.789,1548.572,1555.252,49829
2012-05-30,1555.182,1569.579,1532.171,1563.155,60873
2012-05-31,1563.221,1573.224,1552.346,1560.508,57896
2012-06-01,1560.359,1630.165,1545.266,1624.251,72102
2012-06-04,1625.501,1628.184,1608.879,1618.855,57202
2012-06-05,1618.92,1623.663,1612.044,1617.008,48595
2012-06-06,1617.052,1640.938,1613.802,1619.251,60429
2012-06-07,1619.359,1629.303,1578.722,1589.455,76516
2012-06-08,1589.502,1595.258,1558.284,1593.563,62681
2012-06-11,1594.5,1608.233,1581.954,1596.643,49425
2012-06-12,1596.577,1617.679,1586.057,1609.915,43326
2012-06-13,1610.005,1624.787,1606.171,1617.089,35932
2012-06-14,1617.132,1628.064,1609.576,1623.601,38626
2012-06-15,1623.478,1633.982,1619.882,1627.34,30647
2012-06-18,1627.34,1630.382,1607.791,1628.15,40271
2012-06-19,1628.063,1633.469,1617.526,1618.387,31261
2012-06-20,1618.28,1622.852,1590.444,1607.477,53397
2012-06-21,1607.394,1607.48,1564.472,1566.222,49677
2012-06-22,1566.176,1573.559,1558.401,1572.68,31799
2012-06-25,1572.163,1588.439,1566.445,1584.488,29929
2012-06-26,1584.531,1587.561,1567.844,1572.943,28671
2012-06-27,1572.877,1583.554,1562.739,1574.246,30440
2012-06-28,1574.323,1579.149,1548.111,1552.898,37226
2012-06-29,1552.898,1607.227,1551.163,1597.559,42071
2012-07-02,1599.084,1602.584,1587.36,1596.855,26922
2012-07-03,1596.855,1624.966,1594.941,1617.462,25505
2012-07-04,1617.38,1620.47,1611.678,1615.15,14053
2012-07-05,1614.9,1624.001,1597.53,1604.617,38202
2012-07-06,1604.548,1609.966,1576.569,1583.823,39968
2012-07-09,1582.435,1593.042,1576.756,1587.629,22725
2012-07-10,1587.71,1601.527,1564.697,1567.349,30013
2012-07-11,1567.301,1583.618,1566.04,1576.356,30107
2012-07-12,1576.313,1578.147,1555.119,1572.1,35417
2012-07-13,1572.053,1596.902,1566.227,1589.548,24929
2012-07-16,1589.548,1594.961,1578.082,1589.466,24787
2012-07-17,1589.394,1599.261,1571.635,1583.348,35826
2012-07-18,1583.271,1586.115,1567.903,1573.506,28979
2012-07-19,1573.583,1591.726,1572.951,1581.36,27085
2012-07-20,1581.267,1587.27,1573.667,1584.51,27303
2012-07-23,1584.51,1584.51,1563.469,1576.909,27928
2012-07-24,1576.835,1584.725,1568.973,1581.105,31292
2012-07-25,1581.038,1610.658,1579.006,1604.4,32892
2012-07-26,1604.475,1622.039,1601.402,1615.771,34486
2012-07-27,1615.837,1629.692,1611.861,1623.526,34713
2012-07-30,1623.526,1626.659,1614.37,1622.076,18872
2012-07-31,1622.076,1628.163,1610.995,1614.535,28932
2012-08-01,1614.457,1618.574,1592.08,1599.752,35396
2012-08-02,1599.818,1615.507,1584.153,1587.981,46927
2012-08-03,1587.893,1606.879,1585.922,1603.548,30286
2012-08-06,1603.548,1615.597,1602.471,1610.762,21895
2012-08-07,1610.807,1618.579,1608.832,1612.239,22163
2012-08-08,1612.284,1616.841,1603.463,1612.373,22548
2012-08-09,1612.444,1618.428,1609.758,1617.156,18391
2012-08-10,1617.356,1626.606,1605.721,1620.164,22499
2012-08-13,1620.164,1625.732,1607.471,1609.792,20400
2012-08-14,1609.847,1616.435,1592.796,1599.045,22786
2012-08-15,1599.045,1606.574,1590.117,1603.452,21871
2012-08-16,1603.392,1619.063,1600.952,1615.107,19623
2012-08-17,1615.077,1620.425,1611.772,1615.751,17968
2012-08-20,1616.165,1622.559,1609.815,1620.491,17098
2012-08-21,1620.576,1641.464,1618.793,1637.83,19182
2012-08-22,1637.83,1656.004,1634.638,1654.397,24333
2012-08-23,1654.446,1675.033,1652.659,1670.492,27072
2012-08-24,1670.492,1673.876,1662.73,1670.432,20252
2012-08-27,1670.658,1676.912,1663.317,1664.029,19309
2012-08-28,1663.999,1672.406,1657.171,1666.845,21617
2012-08-29,1666.801,1669.994,1652.362,1656.433,19274
2012-08-30,1656.346,1664.175,1651.319,1655.566,18625
2012-08-31,1655.513,1693.106,1646.488,1691.885,31929
2012-09-03,1692.0,1695.465,1685.548,1693.646,13789
2012-09-04,1691.875,1699.097,1688.094,1695.829,25558
2012-09-05,1695.779,1696.164,1687.414,1692.987,22858
2012-09-06,1693.043,1713.763,1691.627,1700.333,34266
2012-09-07,1700.29,1741.984,1689.123,1735.758,31881
2012-09-10,1735.824,1740.049,1724.862,1725.971,22520
2012-09-11,1725.918,1738.048,1725.142,1731.98,21393
2012-09-12,1731.933,1747.143,1725.384,1730.728,33557
2012-09-13,1730.685,1772.798,1718.912,1766.977,43549
2012-09-14,1767.041,1777.934,1765.695,1770.465,38061
2012-09-17,1770.465,1776.621,1754.195,1761.196,28293
2012-09-18,1761.242,1773.49,1752.392,1771.801,34399
2012-09-19,1771.865,1779.459,1762.258,1770.344,32827
2012-09-20,1770.401,1772.31,1756.04,1768.521,30684
2012-09-21,1768.474,1787.584,1766.896,1773.074,33254
2012-09-24,1773.074,1773.074,1755.743,1764.393,29626
2012-09-25,1764.479,1775.11,1758.876,1760.699,30535
2012-09-26,1760.754,1765.62,1736.572,1752.718,31123
2012-09-27,1752.633,1780.389,1751.154,1777.389,32228
2012-09-28,1777.441,1783.278,1767.426,1772.262,34797
2012-10-01,1772.262,1791.744,1763.549,1774.923,37640
2012-10-02,1774.966,1784.371,1770.72,1774.526,31678
2012-10-03,1774.583,1781.865,1771.035,1777.945,28577
2012-10-04,1777.996,1795.301,1777.755,1790.372,30281
2012-10-05,1790.323,1796.001,1773.127,1780.757,28743
2012-10-08,1779.775,1780.08,1766.763,1774.814,23635
2012-10-09,1774.866,1779.815,1760.577,1764.262,29443
2012-10-10,1764.214,1768.28,1757.093,1762.32,27323
2012-10-11,1762.364,1774.976,1758.693,1767.241,25083
2012-10-12,1767.285,1773.37,1752.265,1753.992,25590
2012-10-15,1753.992,1754.083,1728.659,1737.366,28095
2012-10-16,1737.305,1748.232,1734.926,1747.49,20460
2012-10-17,1747.541,1753.671,1742.939,1750.054,22114
2012-10-18,1750.002,1752.197,1738.265,1741.415,21140
2012-10-19,1741.462,1743.502,1716.427,1721.717,26777
2012-10-22,1718.95,1729.389,1713.819,1728.5,21357
2012-10-23,1728.552,1730.346,1704.092,1707.685,26852
2012-10-24,1707.638,1714.388,1698.736,1702.008,28372
2012-10-25,1702.065,1718.088,1701.624,1712.033,22469
2012-10-26,1712.078,1718.892,1700.935,1711.268,27459
2012-10-29,1711.177,1717.36,1706.124,1709.294,15212
2012-10-30,1709.337,1715.292,1705.281,1709.674,14324
2012-10-31,1709.72,1726.097,1709.359,1720.617,20911
2012-11-01,1720.673,1727.071,1713.722,1714.28,21024
2012-11-02,1714.33,1717.009,1674.695,1677.982,31578
2012-11-05,1677.982,1686.35,1672.738,1684.984,21697
2012-11-06,1685.03,1720.982,1683.749,1716.003,25217
2012-11-07,1715.951,1732.159,1703.225,1717.613,44547
2012-11-08,1717.569,1735.16,1712.87,1731.395,29126
2012-11-09,1731.325,1738.957,1727.172,1731.106,30581
2012-11-12,1731.56,1738.109,1725.927,1728.265,21156
2012-11-13,1728.212,1733.125,1717.965,1725.015,27136
2012-11-14,1724.966,1734.116,1720.863,1726.404,26579
2012-11-15,1726.459,1728.063,1704.884,1715.863,30441
2012-11-16,1715.914,1717.517,1705.894,1713.962,26603
2012-11-19,1714.72,1735.708,1714.249,1731.71,20869
2012-11-20,1731.8,1735.593,1722.231,1727.065,22205
2012-11-21,1727.125,1732.095,1719.685,1728.783,20577
2012-11-22,1728.642,1732.627,1728.35,1730.418,8364
2012-11-23,1729.82,1754.49,1728.244,1750.792,17431
2012-11-26,1751.549,1752.244,1746.125,1748.699,20338
2012-11-27,1748.634,1751.914,1740.585,1742.185,21662
2012-11-28,1742.105,1743.177,1705.89,1719.638,30530
2012-11-29,1719.692,1728.712,1718.146,1725.697,22781
2012-11-30,1725.649,1731.811,1708.571,1714.878,26610
2012-12-03,1714.878,1722.767,1712.837,1715.847,22250
2012-12-04,1715.912,1717.474,1691.434,1697.6,29573
2012-12-05,1697.533,1706.983,1684.86,1693.907,25050
2012-12-06,1693.962,1703.389,1686.049,1699.867,26991
2012-12-07,1699.915,1705.557,1684.008,1704.266,27403
2012-12-10,1703.286,1717.345,1702.879,1712.962,15178
2012-12-11,1713.045,1714.515,1704.949,1710.085,16936
2012-12-12,1710.173,1723.453,1707.518,1711.698,202565
2012-12-13,1711.65,1711.998,1689.614,1697.136,97125
2012-12-14,1697.142,1700.607,1693.432,1696.064,83700
2012-12-17,1697.101,1699.956,1686.658,1698.232,70331
2012-12-18,1698.262,1703.296,1661.046,1671.162,94915
2012-12-19,1671.158,1676.95,1663.542,1667.256,88032
2012-12-20,1667.26,1672.012,1635.838,1647.956,112460
2012-12-21,1647.987,1659.855,1635.807,1657.038,99614
2012-12-24,1656.896,1665.974,1652.115,1658.454,50419
2012-12-26,1658.454,1668.083,1657.75,1659.513,23100
2012-12-27,1659.463,1665.47,1652.738,1664.124,67427
2012-12-28,1664.106,1666.502,1653.826,1656.088,65402
2012-12-31,1655.626,1680.52,1655.626,1676.244,55740
2013-01-02,1673.524,1694.972,1673.136,1686.886,88970
2013-01-03,1686.884,1690.11,1660.97,1664.025,99993
2013-01-04,1664.028,1664.31,1626.022,1655.77,165732
2013-01-07,1656.49,1662.828,1642.932,1646.994,103582
2013-01-08,1647.008,1662.721,1646.856,1659.256,114270
2013-01-09,1659.233,1666.062,1651.538,1657.81,84778
2013-01-10,1657.742,1678.96,1653.972,1675.454,91788
2013-01-11,1675.453,1676.974,1653.488,1662.878,105399
2013-01-14,1660.708,1675.012,1660.216,1667.793,74647
2013-01-15,1667.804,1685.221,1666.637,1679.455,102422
2013-01-16,1679.474,1684.91,1673.686,1680.0,77960
2013-01-17,1680.001,1697.292,1666.861,1687.709,111200
2013-01-18,1687.74,1695.397,1683.812,1684.394,89156
2013-01-21,1686.36,1691.404,1685.16,1689.915,52785
2013-01-22,1689.735,1696.17,1686.83,1692.738,78807
2013-01-23,1692.778,1695.166,1683.835,1685.852,68211
2013-01-24,1685.836,1686.31,1665.125,1668.04,96607
2013-01-25,1668.046,1672.372,1656.043,1658.77,106261
2013-01-28,1659.386,1662.533,1652.116,1655.674,67232
2013-01-29,1655.729,1666.168,1654.75,1663.847,65836
2013-01-30,1663.905,1684.094,1662.962,1677.062,95263
2013-01-31,1677.05,1680.856,1658.012,1663.67,93925
2013-02-01,1663.718,1682.442,1660.124,1667.458,114053
2013-02-04,1668.858,1677.708,1661.555,1674.412,79684
2013-02-05,1674.384,1685.484,1666.761,1672.877,92987
2013-02-06,1672.872,1679.879,1668.325,1677.612,72959
2013-02-07,1677.632,1683.237,1663.19,1671.452,111712
2013-02-08,1671.524,1673.655,1665.24,1667.314,83719
2013-02-11,1667.804,1669.744,1643.815,1648.021,115233
2013-02-12,1648.045,1653.449,1639.352,1651.328,148399
2013-02-13,1651.355,1653.956,1640.542,1642.576,147353
2013-02-14,1642.55,1650.141,1632.966,1634.882,181199
2013-02-15,1634.86,1636.12,1598.01,1610.084,226251
2013-02-18,1610.024,1618.912,1607.293,1609.922,15441
2013-02-19,1609.853,1615.289,1600.894,1605.161,19780
2013-02-20,1605.072,1609.559,1558.783,1564.499,24362
2013-02-21,1564.41,1585.11,1555.123,1576.271,23729
2013-02-22,1576.346,1587.293,1570.079,1581.382,16284
2013-02-25,1580.197,1597.086,1575.303,1593.437,32073
2013-02-26,1593.403,1620.166,1584.266,1613.704,284718
2013-02-27,1613.683,1614.96,1592.458,1597.153,166890
2013-02-28,1597.208,1603.102,1575.052,1579.608,199872
2013-03-01,1579.626,1587.384,1564.937,1576.35,211484
2013-03-04,1578.918,1585.034,1569.529,1573.902,160512
2013-03-05,1573.924,1586.648,1572.169,1575.379,145592
2013-03-06,1575.34,1585.148,1567.4,1583.879,166708
2013-03-07,1583.905,1585.628,1575.056,1578.963,149664
2013-03-08,1578.948,1583.982,1561.552,1578.793,214002
2013-03-11,1579.35,1583.346,1575.666,1581.534,110214
2013-03-12,1581.534,1598.475,1580.082,1592.858,132487
2013-03-13,1592.854,1599.498,1585.632,1587.782,146533
2013-03-14,1587.769,1593.402,1576.854,1590.041,158507
2013-03-15,1590.051,1598.991,1588.667,1592.076,106948
2013-03-18,1598.723,1611.252,1591.226,1605.564,188062
2013-03-19,1605.562,1615.71,1600.17,1612.897,154121
2013-03-20,1612.913,1614.866,1600.827,1606.973,72010
2013-03-21,1607.02,1616.958,1604.632,1614.838,92759
2013-03-22,1614.826,1616.114,1603.662,1608.802,88320
2013-03-25,1609.45,1613.778,1589.828,1605.146,119592
2013-03-26,1605.132,1606.201,1594.65,1599.924,90072
2013-03-27,1599.941,1608.434,1591.564,1605.31,94364
2013-03-28,1605.332,1607.766,1594.056,1597.002,100015
2013-03-29,1597.023,1597.138,1596.686,1596.946,165
2013-04-01,1597.695,1601.212,1594.864,1599.544,74517
2013-04-02,1599.542,1604.017,1573.862,1575.976,109341
2013-04-03,1576.012,1577.22,1549.886,1557.968,159446
2013-04-04,1557.975,1559.64,1540.208,1554.738,178897
2013-04-05,1554.8,1581.352,1549.462,1581.136,164998
2013-04-08,1582.568,1583.27,1567.396,1573.506,100455
2013-04-09,1573.5,1590.39,1570.604,1585.361,112175
2013-04-10,1585.392,1588.791,1555.876,1558.48,148243
2013-04-11,1558.428,1568.5,1553.515,1561.452,128862
2013-04-12,1561.315,1564.761,1480.898,1483.187,267098
2013-04-15,1481.41,1495.676,1335.702,1347.795,716415
2013-04-16,1347.816,1403.775,1321.936,1367.399,538882
2013-04-17,1367.402,1395.248,1365.163,1376.41,370838
2013-04-18,1376.405,1402.272,1337.047,1390.569,332049
2013-04-19,1390.575,1425.092,1386.038,1403.834,241711
2013-04-22,1407.154,1439.226,1403.966,1426.398,241771
2013-04-23,1426.422,1432.936,1404.898,1413.093,273208
2013-04-24,1413.107,1434.067,1412.477,1431.964,209404
2013-04-25,1431.876,1469.198,1427.233,1468.0,216815
2013-04-26,1468.027,1485.45,1448.289,1462.322,293089
2013-04-29,1466.446,1479.014,1462.396,1475.79,178926
2013-04-30,1475.764,1480.414,1461.252,1476.744,191988
2013-05-01,1476.688,1478.064,1440.612,1457.594,225231
2013-05-02,1457.58,1473.955,1448.927,1467.134,199629
2013-05-03,1467.139,1488.081,1456.331,1470.85,223166
2013-05-06,1470.257,1479.08,1464.762,1469.491,132170
2013-05-07,1469.495,1470.773,1441.396,1452.706,215988
2013-05-08,1452.663,1476.95,1447.81,1474.086,188802
2013-05-09,1474.057,1476.498,1453.607,1458.189,173997
2013-05-10,1458.142,1462.324,1419.778,1448.3,261652
2013-05-13,1449.752,1449.752,1426.061,1430.568,155244
2013-05-14,1430.572,1445.67,1421.324,1425.492,183037
2013-05-15,1425.476,1430.931,1388.87,1393.099,253653
2013-05-16,1393.085,1398.272,1369.802,1385.992,261401
2013-05-17,1386.0,1393.13,1355.414,1359.504,287834
2013-05-20,1360.288,1399.716,1338.287,1393.864,335143
2013-05-21,1393.824,1401.73,1359.866,1376.204,268428
2013-05-22,1376.225,1414.598,1354.68,1370.22,381594
2013-05-23,1370.174,1398.28,1356.851,1390.962,314101
2013-05-24,1391.005,1398.43,1382.592,1386.638,170119
2013-05-27,1387.286,1396.812,1384.526,1395.15,65460
2013-05-28,1394.378,1402.054,1373.762,1381.183,212871
2013-05-29,1381.126,1395.518,1380.406,1392.924,181186
2013-05-30,1392.876,1418.21,1388.949,1413.948,206859
2013-05-31,1413.955,1422.086,1385.006,1387.96,197752
2013-06-03,1389.566,1417.067,1389.2,1411.43,179601
2013-06-04,1411.439,1415.175,1389.124,1399.53,183491
2013-06-05,1399.552,1410.664,1395.891,1403.356,229340
2013-06-06,1403.372,1423.726,1391.857,1413.921,273978
2013-06-07,1413.89,1417.99,1377.909,1382.942,337968
2013-06-10,1383.425,1389.062,1375.95,1386.367,201226
2013-06-11,1386.309,1387.856,1366.087,1378.36,254985
2013-06-12,1378.318,1394.75,1373.93,1388.762,179849
2013-06-13,1388.972,1395.083,1374.584,1386.008,241364
2013-06-14,1386.034,1392.664,1378.533,1390.538,193416
2013-06-17,1391.224,1392.098,1380.609,1385.317,121549
2013-06-18,1385.302,1386.131,1361.18,1367.688,184147
2013-06-19,1367.676,1376.708,1349.304,1351.35,211563
2013-06-20,1351.328,1352.363,1276.4,1285.002,546600
2013-06-21,1284.997,1302.554,1269.633,1296.352,337225
2013-06-24,1297.668,1301.544,1276.216,1282.333,272027
2013-06-25,1282.342,1289.637,1271.764,1277.711,241990
2013-06-26,1277.66,1278.247,1221.946,1226.648,467095
2013-06-27,1226.665,1244.88,1197.05,1200.6,368352
2013-06-28,1200.587,1235.464,1180.512,1234.686,427210
2013-07-01,1234.015,1261.794,1225.426,1252.588,303553
2013-07-02,1252.575,1267.652,1239.78,1243.42,256865
2013-07-03,1243.4,1260.16,1236.954,1252.794,256382
2013-07-04,1252.814,1258.16,1245.049,1248.857,141803
2013-07-05,1249.908,1250.774,1208.306,1223.095,292584
2013-07-08,1222.765,1238.8,1215.811,1237.098,210280
2013-07-09,1237.079,1260.509,1233.658,1251.354,215956
2013-07-10,1251.335,1266.085,1243.998,1259.774,286054
2013-07-11,1259.638,1299.02,1259.458,1286.158,320868
2013-07-12,1286.168,1288.807,1267.99,1285.589,190270
2013-07-15,1285.287,1295.071,1274.262,1284.672,173114
2013-07-16,1284.674,1295.76,1277.291,1292.109,202244
2013-07-17,1292.096,1300.764,1270.37,1275.978,299855
2013-07-18,1275.962,1288.876,1274.537,1284.264,197692
2013-07-19,1284.285,1298.054,1282.596,1296.111,163614
2013-07-22,1296.989,1339.512,1296.416,1335.885,240033
2013-07-23,1335.9,1346.881,1326.738,1345.308,198710
2013-07-24,1344.86,1346.802,1313.319,1322.246,250378
2013-07-25,1322.232,1337.956,1309.047,1333.86,230112
2013-07-26,1333.874,1340.995,1312.546,1333.274,216653
2013-07-29,1334.036,1338.464,1322.991,1328.252,166057
2013-07-30,1328.22,1330.2,1317.435,1326.426,146141
2013-07-31,1326.455,1339.368,1305.968,1325.082,281536
2013-08-01,1325.038,1331.24,1307.879,1310.172,241537
2013-08-02,1310.184,1318.687,1283.313,1311.832,283361
2013-08-05,1312.479,1320.866,1297.672,1303.09,151125
2013-08-06,1303.076,1307.174,1279.384,1283.172,223883
2013-08-07,1283.183,1289.577,1272.964,1287.59,199237
2013-08-08,1287.543,1314.424,1283.108,1313.297,227516
2013-08-09,1313.346,1317.346,1305.037,1314.5,181935
2013-08-12,1315.07,1344.072,1315.044,1338.378,227887
2013-08-13,1338.328,1341.493,1318.88,1321.614,276451
2013-08-14,1321.598,1336.522,1316.006,1336.204,224677
2013-08-15,1336.242,1370.254,1318.917,1366.176,377548
2013-08-16,1366.154,1379.817,1357.804,1376.702,326828
2013-08-19,1374.868,1384.652,1362.575,1365.948,245566
2013-08-20,1365.964,1377.763,1352.424,1371.256,254237
2013-08-21,1371.234,1379.25,1359.974,1366.72,286447
2013-08-22,1366.705,1382.005,1355.365,1376.082,255604
2013-08-23,1376.322,1400.187,1368.795,1397.778,252886
2013-08-26,1398.012,1406.966,1389.552,1404.632,198843
2013-08-27,1404.672,1423.837,1395.683,1415.21,257108
2013-08-28,1415.197,1433.773,1413.596,1417.478,286487
2013-08-29,1417.477,1418.684,1402.586,1407.794,270310
2013-08-30,1407.804,1411.344,1392.316,1395.288,227306
2013-09-02,1393.167,1398.352,1374.03,1390.576,140960
2013-09-03,1391.498,1416.442,1384.629,1412.36,218352
2013-09-04,1412.336,1415.05,1384.854,1391.586,213272
2013-09-05,1391.569,1400.07,1365.126,1367.552,250631
2013-09-06,1367.536,1393.556,1359.092,1391.87,239114
2013-09-09,1391.532,1394.606,1382.16,1386.854,116938
2013-09-10,1386.99,1391.434,1357.964,1364.028,161210
2013-09-11,1363.945,1368.77,1356.852,1365.242,135730
2013-09-12,1365.402,1366.782,1320.754,1321.654,229109
2013-09-13,1321.662,1331.045,1305.013,1326.311,243757
2013-09-16,1333.53,1334.94,1303.102,1312.966,223972
2013-09-17,1313.018,1324.043,1306.216,1310.639,182776
2013-09-18,1310.602,1367.648,1291.981,1364.1,321484
2013-09-19,1364.042,1375.453,1358.782,1366.384,260165
2013-09-20,1366.384,1368.224,1324.995,1325.996,261052
2013-09-23,1327.591,1332.006,1313.604,1322.728,224165
2013-09-24,1322.754,1329.412,1305.819,1323.446,243776
2013-09-25,1323.62,1338.206,1316.707,1334.472,214389
2013-09-26,1334.448,1339.496,1318.976,1324.044,214577
2013-09-27,1324.052,1344.308,1319.89,1336.693,253755
2013-09-30,1341.934,1352.165,1322.804,1328.932,194739
2013-10-01,1328.946,1337.535,1282.538,1287.642,299707
2013-10-02,1287.616,1324.043,1277.99,1315.972,276926
2013-10-03,1315.952,1322.484,1302.142,1316.87,242100
2013-10-04,1316.894,1325.163,1305.693,1310.911,196839
2013-10-07,1311.654,1329.17,1308.604,1323.134,168716
2013-10-08,1323.055,1330.108,1315.713,1319.348,215192
2013-10-09,1319.334,1321.93,1294.758,1305.869,278415
2013-10-10,1305.868,1311.929,1281.779,1287.498,257319
2013-10-11,1287.463,1294.784,1261.146,1272.133,316530
2013-10-14,1274.909,1290.265,1268.687,1272.272,243842
2013-10-15,1272.271,1288.172,1251.691,1282.224,366107
2013-10-16,1282.256,1288.876,1269.345,1282.563,321601
2013-10-17,1282.458,1324.512,1274.554,1320.56,366218
2013-10-18,1320.568,1329.138,1311.868,1315.76,187004
2013-10-21,1316.331,1324.271,1313.24,1316.067,147272
2013-10-22,1316.078,1344.884,1310.244,1340.312,206654
2013-10-23,1340.294,1342.351,1329.133,1333.378,164664
2013-10-24,1333.427,1352.075,1330.398,1346.755,189646
2013-10-25,1346.769,1355.752,1336.458,1350.708,173725
2013-10-28,1353.247,1361.936,1346.476,1352.634,148899
2013-10-29,1352.596,1360.601,1340.252,1345.101,179801
2013-10-30,1345.073,1359.662,1334.746,1344.555,236279
2013-10-31,1344.572,1344.822,1319.202,1323.138,221208
2013-11-01,1323.1,1327.584,1306.16,1316.207,187472
2013-11-04,1314.435,1322.664,1311.24,1314.831,115153
2013-11-05,1314.82,1320.014,1305.914,1311.872,137153
2013-11-06,1311.856,1322.238,1309.282,1317.872,122274
2013-11-07,1317.862,1326.51,1296.646,1307.534,219059
2013-11-08,1307.538,1313.899,1281.179,1288.729,189734
2013-11-11,1288.834,1288.95,1279.238,1282.736,115709
2013-11-12,1282.72,1285.804,1261.505,1268.08,179623
2013-11-13,1268.088,1284.476,1265.972,1281.908,190021
2013-11-14,1281.9,1294.444,1278.2,1287.18,216169
2013-11-15,1287.182,1291.328,1280.502,1290.449,120179
2013-11-18,1290.005,1290.005,1270.178,1275.516,147441
2013-11-19,1275.52,1278.993,1269.268,1275.748,145026
2013-11-20,1275.742,1276.494,1241.184,1244.294,268665
2013-11-21,1244.294,1250.567,1236.868,1242.941,175418
2013-11-22,1242.934,1249.006,1241.231,1243.738,129245
2013-11-25,1242.691,1254.022,1225.693,1251.402,181146
2013-11-26,1251.397,1258.372,1239.804,1242.812,116361
2013-11-27,1242.824,1254.891,1236.423,1237.838,132063
2013-11-28,1237.794,1245.934,1234.794,1244.1,64851
2013-11-29,1243.283,1254.942,1240.914,1251.215,82095
2013-12-02,1251.31,1251.576,1217.892,1219.643,173446
2013-12-03,1219.614,1226.402,1215.422,1223.508,127370
2013-12-04,1223.496,1251.836,1211.782,1243.658,216556
2013-12-05,1243.654,1243.955,1217.152,1225.248,205207
2013-12-06,1225.286,1245.02,1212.429,1228.952,217477
2013-12-09,1230.467,1243.203,1225.384,1240.292,106106
2013-12-10,1240.326,1267.964,1238.028,1262.234,159367
2013-12-11,1262.237,1263.467,1251.242,1252.359,152619
2013-12-12,1252.343,1257.08,1224.056,1225.422,179547
2013-12-13,1225.408,1238.962,1220.644,1238.892,147638
2013-12-16,1238.462,1252.128,1227.916,1241.423,170644
2013-12-17,1241.478,1248.202,1227.402,1230.913,185848
2013-12-18,1230.903,1244.762,1216.276,1218.426,250482
2013-12-19,1218.416,1226.7,1187.414,1188.73,291779
2013-12-20,1188.696,1207.671,1187.24,1203.356,179343
2013-12-23,1204.161,1206.342,1192.832,1198.881,138094
2013-12-24,1198.881,1205.656,1196.274,1204.046,67403
2013-12-26,1204.903,1216.021,1201.296,1210.66,99039
2013-12-27,1210.822,1219.08,1209.118,1213.404,128648
2013-12-30,1213.404,1216.304,1194.934,1196.65,126466
2013-12-31,1196.635,1214.888,1182.445,1205.094,164738
2014-01-02,1205.186,1230.928,1203.666,1224.378,209707
2014-01-03,1224.378,1240.478,1221.974,1236.896,173362
2014-01-06,1237.603,1248.486,1214.4,1238.104,179311
2014-01-07,1238.094,1245.408,1225.116,1232.12,144273
2014-01-08,1232.132,1232.588,1218.562,1225.97,184163
2014-01-09,1225.98,1231.662,1223.666,1228.063,122078
2014-01-10,1228.07,1249.106,1227.269,1248.31,182287
2014-01-13,1248.343,1255.258,1243.801,1253.192,126122
2014-01-14,1253.183,1255.437,1241.865,1245.062,134998
2014-01-15,1245.082,1245.378,1234.29,1241.879,126931
2014-01-16,1241.871,1245.443,1236.48,1242.456,97258
2014-01-17,1242.462,1255.046,1237.908,1253.868,122100
2014-01-20,1253.22,1262.556,1252.677,1254.936,56516
2014-01-21,1254.668,1255.91,1235.72,1241.444,122336
2014-01-22,1241.414,1243.784,1236.019,1237.208,78450
2014-01-23,1237.208,1265.647,1231.696,1264.111,177051
2014-01-24,1264.105,1272.733,1256.997,1269.884,177764
2014-01-27,1270.22,1279.29,1252.156,1257.152,195364
2014-01-28,1257.151,1261.846,1248.939,1256.855,139677
2014-01-29,1256.857,1270.28,1249.08,1267.473,197249
2014-01-30,1267.474,1268.719,1238.123,1243.808,178451
2014-01-31,1243.836,1255.054,1238.594,1244.476,157295
2014-02-03,1243.496,1266.44,1240.886,1257.674,172552
2014-02-04,1257.674,1261.08,1247.358,1254.567,135162
2014-02-05,1254.568,1274.572,1252.412,1257.878,170134
2014-02-06,1257.862,1267.065,1252.909,1258.254,143623
2014-02-07,1258.244,1272.032,1256.302,1267.518,175207
2014-02-10,1265.828,1278.072,1265.174,1274.846,117080
2014-02-11,1274.852,1293.974,1273.855,1291.313,191099
2014-02-12,1290.826,1296.432,1284.09,1291.18,130427
2014-02-13,1291.282,1303.092,1286.381,1302.865,142242
2014-02-14,1302.966,1321.43,1299.948,1318.834,176742
2014-02-17,1318.71,1329.964,1318.617,1328.799,104515
2014-02-18,1328.837,1332.308,1312.708,1322.043,156443
2014-02-19,1322.053,1322.976,1308.929,1311.658,136954
2014-02-20,1311.548,1325.179,1307.478,1322.866,143034
2014-02-21,1322.862,1328.732,1316.122,1324.296,106019
2014-02-24,1325.635,1339.056,1318.808,1337.11,140720
2014-02-25,1337.094,1343.714,1331.362,1340.64,99757
2014-02-26,1340.689,1345.49,1322.617,1330.626,138688
2014-02-27,1330.647,1334.423,1323.879,1331.082,96189
2014-02-28,1331.444,1333.401,1319.656,1326.561,128085
2014-03-03,1330.746,1354.85,1330.414,1350.59,169878
2014-03-04,1350.717,1352.664,1331.35,1334.486,147051
2014-03-05,1334.576,1341.946,1332.732,1336.921,90055
2014-03-06,1336.927,1353.853,1331.27,1350.807,110905
2014-03-07,1350.903,1353.085,1327.812,1340.082,181969
2014-03-10,1340.165,1344.72,1328.152,1339.782,119815
2014-03-11,1340.114,1352.656,1337.814,1348.848,118152
2014-03-12,1349.043,1371.028,1345.52,1366.826,166871
2014-03-13,1366.67,1375.088,1364.655,1370.341,135925
2014-03-14,1370.778,1388.125,1368.002,1383.248,170823
2014-03-17,1382.698,1392.324,1361.998,1367.349,151696
2014-03-18,1367.687,1367.958,1350.852,1355.654,144234
2014-03-19,1355.445,1359.804,1327.709,1329.653,199775
2014-03-20,1329.713,1334.718,1320.579,1327.952,167630
2014-03-21,1327.92,1342.568,1327.73,1334.569,131887
2014-03-24,1333.008,1335.383,1307.98,1308.911,168684
2014-03-25,1309.227,1317.442,1305.664,1311.19,136090
2014-03-26,1311.275,1316.494,1298.789,1304.643,142489
2014-03-27,1304.35,1306.932,1289.18,1291.292,157186
2014-03-28,1291.23,1298.822,1285.763,1295.02,158406
2014-03-31,1294.399,1298.651,1282.466,1284.006,110761
2014-04-01,1284.096,1288.132,1277.834,1278.946,88234
2014-04-02,1278.954,1294.615,1278.694,1289.796,83216
2014-04-03,1289.878,1293.989,1281.763,1286.672,97229
2014-04-04,1286.426,1307.0,1284.299,1303.422,121232
2014-04-07,1303.803,1304.235,1295.744,1297.12,44272
2014-04-08,1296.826,1314.476,1296.5,1308.628,79606
2014-04-09,1308.726,1315.214,1300.985,1311.868,120137
2014-04-10,1311.764,1324.66,1310.884,1319.022,111471
2014-04-11,1319.02,1323.979,1314.113,1318.612,83447
2014-04-14,1320.966,1331.26,1318.73,1328.236,90350
2014-04-15,1327.739,1328.336,1282.236,1302.846,169970
2014-04-16,1302.72,1307.14,1293.616,1302.584,129597
2014-04-17,1302.416,1304.304,1293.195,1295.074,84283
2014-04-18,1295.169,1295.877,1295.075,1295.79,16
2014-04-21,1295.113,1302.007,1281.985,1289.966,153260
2014-04-22,1289.926,1292.974,1276.5,1283.946,90126
2014-04-23,1283.585,1289.126,1280.992,1283.626,74720
2014-04-24,1283.569,1298.876,1268.602,1293.348,163667
2014-04-25,1293.406,1305.168,1290.472,1302.998,95713
2014-04-28,1303.332,1306.628,1292.108,1296.665,80972
2014-04-29,1296.301,1301.504,1286.376,1296.006,89341
2014-04-30,1295.969,1298.28,1285.024,1291.426,137629
2014-05-01,1291.573,1293.033,1277.368,1284.314,127804
2014-05-02,1284.19,1304.804,1273.822,1299.66,273386
2014-05-05,1300.811,1315.713,1299.513,1310.143,198134
2014-05-06,1310.661,1314.178,1304.417,1308.014,164526
2014-05-07,1308.275,1314.706,1286.648,1289.828,221946
2014-05-08,1289.7,1295.584,1284.707,1289.38,201799
2014-05-09,1289.475,1294.5,1285.562,1289.005,147234
2014-05-12,1290.141,1304.15,1277.632,1295.732,169952
2014-05-13,1295.853,1298.946,1289.165,1293.759,174596
2014-05-14,1293.634,1309.19,1291.596,1305.952,156684
2014-05-15,1305.799,1307.23,1290.922,1296.244,210426
2014-05-16,1296.135,1298.366,1287.764,1293.386,159223
2014-05-19,1292.797,1305.576,1289.503,1293.129,164939
2014-05-20,1292.961,1297.034,1285.988,1294.195,192555
2014-05-21,1294.785,1296.358,1283.444,1291.966,169092
2014-05-22,1291.661,1303.944,1290.09,1294.166,184031
2014-05-23,1294.017,1295.601,1286.664,1292.584,140632
2014-05-26,1293.682,1294.436,1290.818,1292.534,68308
2014-05-27,1292.777,1293.504,1264.392,1264.868,236087
2014-05-28,1264.58,1267.288,1256.014,1258.16,159906
2014-05-29,1258.181,1260.586,1251.462,1255.704,175339
2014-05-30,1255.234,1260.532,1242.323,1249.669,177040
2014-06-02,1250.158,1250.996,1240.974,1243.737,129817
2014-06-03,1243.391,1247.808,1240.799,1244.902,70768
2014-06-04,1244.29,1249.169,1242.984,1243.815,60682
2014-06-05,1243.616,1257.957,1241.076,1253.673,102460
2014-06-06,1253.63,1257.963,1246.04,1252.976,106352
2014-06-09,1252.526,1257.169,1251.587,1252.163,58029
2014-06-10,1251.491,1263.49,1250.338,1260.057,62159
2014-06-11,1260.81,1265.461,1257.48,1260.84,48402
2014-06-12,1260.896,1274.914,1260.014,1273.253,90343
2014-06-13,1273.756,1278.084,1270.928,1277.201,72828
2014-06-16,1277.236,1284.92,1270.73,1271.964,97508
2014-06-17,1271.803,1273.445,1258.157,1270.45,82957
2014-06-18,1271.258,1278.708,1266.275,1277.825,77394
2014-06-19,1278.689,1321.591,1276.092,1320.276,152307
2014-06-20,1320.257,1322.111,1306.502,1314.742,149664
2014-06-23,1314.467,1318.686,1310.054,1317.588,89462
2014-06-24,1318.529,1326.104,1314.004,1318.274,89380
2014-06-25,1317.558,1324.843,1306.076,1319.037,95796
2014-06-26,1318.378,1319.986,1306.392,1316.306,114803
2014-06-27,1316.574,1322.446,1312.782,1315.417,89651
2014-06-30,1316.194,1329.48,1310.341,1327.29,76442
2014-07-01,1327.419,1332.541,1323.834,1326.147,88020
2014-07-02,1327.067,1332.182,1321.302,1326.97,65108
2014-07-03,1327.272,1328.24,1309.178,1319.68,101808
2014-07-04,1319.79,1323.366,1318.693,1320.574,37793
2014-07-07,1320.73,1320.972,1311.226,1319.797,55672
2014-07-08,1319.612,1324.91,1313.483,1319.34,65332
2014-07-09,1319.858,1331.994,1317.8,1327.756,86341
2014-07-10,1328.049,1345.146,1324.402,1336.005,116604
2014-07-11,1334.995,1339.326,1333.792,1337.936,64539
2014-07-14,1338.704,1339.866,1302.896,1307.324,168165
2014-07-15,1308.384,1313.837,1292.203,1293.747,139075
2014-07-16,1293.269,1303.914,1292.519,1299.114,90981
2014-07-17,1299.074,1325.462,1297.692,1319.11,160260
2014-07-18,1319.449,1324.914,1304.519,1310.585,110911
2014-07-21,1310.053,1318.451,1307.39,1312.784,72268
2014-07-22,1313.201,1315.961,1301.877,1306.458,110015
2014-07-23,1307.087,1311.24,1303.227,1304.622,69896
2014-07-24,1304.61,1305.318,1287.62,1293.768,129333
2014-07-25,1294.343,1308.436,1291.001,1306.378,83494
2014-07-28,1308.066,1309.391,1301.533,1303.871,98438
2014-07-29,1304.595,1312.235,1296.326,1299.014,121395
2014-07-30,1298.79,1303.865,1292.102,1296.078,117058
2014-07-31,1295.942,1297.389,1280.412,1282.916,118336
2014-08-01,1283.26,1297.664,1279.996,1293.672,128247
2014-08-04,1293.672,1295.588,1286.177,1288.394,63029
2014-08-05,1288.394,1294.286,1282.687,1288.689,91760
2014-08-06,1289.326,1309.835,1287.73,1305.818,114154
2014-08-07,1306.799,1314.805,1302.045,1312.48,79937
2014-08-08,1312.48,1322.714,1305.705,1309.878,111488
2014-08-11,1309.025,1311.537,1305.178,1308.282,31837
2014-08-12,1307.715,1317.863,1305.737,1309.614,39026
2014-08-13,1310.257,1315.083,1304.804,1312.673,49431
2014-08-14,1313.063,1319.542,1308.7,1313.226,74084
2014-08-15,1312.66,1315.168,1292.271,1305.024,102388
2014-08-18,1303.623,1303.854,1295.757,1298.574,41892
2014-08-19,1298.57,1302.45,1293.95,1295.894,36493
2014-08-20,1295.742,1298.366,1287.62,1291.75,47619
2014-08-21,1292.095,1292.181,1273.055,1276.921,74358
2014-08-22,1276.921,1283.042,1274.376,1280.51,56671
2014-08-25,1279.938,1281.502,1267.61,1276.654,37026
2014-08-26,1277.273,1291.032,1275.256,1281.24,61305
2014-08-27,1281.867,1287.552,1280.133,1282.874,32107
2014-08-28,1283.046,1296.574,1282.27,1289.672,75458
2014-08-29,1289.477,1291.514,1283.751,1286.516,42916
2014-09-01,1287.019,1290.09,1284.838,1287.008,18357
2014-09-02,1286.656,1287.612,1262.664,1265.548,74324
2014-09-03,1266.144,1271.774,1261.224,1269.538,57783
2014-09-04,1269.538,1277.531,1260.718,1261.495,93111
2014-09-05,1261.0,1274.018,1257.449,1269.11,66422
2014-09-08,1268.983,1271.894,1251.523,1255.381,47069
2014-09-09,1255.748,1258.274,1247.537,1255.304,56458
2014-09-10,1255.022,1257.958,1243.967,1249.825,64013
2014-09-11,1249.87,1250.408,1234.952,1240.928,82879
2014-09-12,1241.116,1241.677,1227.602,1229.837,63742
2014-09-15,1228.223,1238.878,1225.847,1233.62,47455
2014-09-16,1233.62,1241.998,1231.656,1235.714,62747
2014-09-17,1235.403,1239.214,1221.442,1223.098,116335
2014-09-18,1223.924,1228.158,1215.59,1225.104,101128
2014-09-19,1225.3,1228.78,1213.838,1215.764,126101
2014-09-22,1215.848,1220.509,1208.158,1215.146,78808
2014-09-23,1214.492,1236.106,1213.95,1223.485,96338
2014-09-24,1224.161,1226.092,1215.811,1217.171,73563
2014-09-25,1217.171,1224.784,1206.894,1221.506,121528
2014-09-26,1221.898,1231.394,1212.442,1217.989,85339
2014-09-29,1218.384,1223.341,1214.958,1215.878,60102
2014-09-30,1216.197,1220.268,1204.442,1207.998,144091
2014-10-01,1207.406,1219.584,1204.834,1213.587,118761
2014-10-02,1212.589,1222.49,1208.731,1214.326,123522
2014-10-03,1214.326,1215.342,1190.096,1191.975,118856
2014-10-06,1192.118,1209.063,1183.076,1207.137,95207
2014-10-07,1207.057,1213.73,1203.074,1208.814,125238
2014-10-08,1208.243,1224.15,1204.994,1221.146,125223
2014-10-09,1220.506,1233.563,1219.036,1224.442,111051
2014-10-10,1225.204,1225.464,1217.568,1223.059,97235
2014-10-13,1223.412,1237.884,1222.856,1235.741,87406
2014-10-14,1235.587,1238.058,1231.127,1232.609,85471
2014-10-15,1233.139,1249.8,1221.968,1241.848,245287
2014-10-16,1242.106,1245.382,1235.206,1238.902,182277
2014-10-17,1239.372,1241.8,1231.814,1238.02,91084
2014-10-20,1239.033,1248.832,1234.632,1247.058,65567
2014-10-21,1247.146,1255.404,1245.367,1248.757,109793
2014-10-22,1248.376,1250.014,1240.527,1241.383,74337
2014-10-23,1241.473,1244.682,1226.317,1231.95,86117
2014-10-24,1231.95,1234.392,1229.002,1231.204,53921
2014-10-27,1230.702,1232.194,1225.165,1226.387,57749
2014-10-28,1226.152,1235.824,1222.675,1228.68,92334
2014-10-29,1228.728,1230.736,1208.328,1212.172,70940
2014-10-30,1212.394,1216.77,1196.12,1199.098,122388
2014-10-31,1198.477,1202.883,1161.452,1173.157,252464
2014-11-03,1171.505,1174.058,1161.917,1165.664,98868
2014-11-04,1165.936,1175.79,1164.035,1168.608,91063
2014-11-05,1169.004,1169.98,1137.78,1140.049,196456
2014-11-06,1141.01,1149.622,1138.228,1141.71,139565
2014-11-07,1142.34,1178.964,1131.492,1177.585,230324
2014-11-10,1177.904,1178.527,1147.376,1151.92,137932
2014-11-11,1151.696,1173.348,1146.192,1163.965,184039
2014-11-12,1163.965,1170.322,1157.338,1162.496,134940
2014-11-13,1163.22,1168.741,1154.032,1162.342,149056
2014-11-14,1162.904,1193.828,1146.862,1188.45,263728
2014-11-17,1186.508,1194.49,1181.51,1186.662,187142
2014-11-18,1187.403,1204.662,1183.456,1197.18,149416
2014-11-19,1197.18,1202.397,1175.028,1182.702,225711
2014-11-20,1182.702,1197.318,1176.933,1193.732,77804
2014-11-21,1193.975,1208.09,1186.783,1201.514,73046
2014-11-24,1200.334,1204.406,1192.816,1197.122,41597
2014-11-25,1197.434,1203.132,1190.366,1200.664,52149
2014-11-26,1200.804,1201.895,1195.011,1197.876,29365
2014-11-27,1198.708,1199.81,1185.689,1190.74,42055
2014-11-28,1192.143,1193.334,1165.177,1167.046,62357
2014-12-01,1160.109,1221.44,1142.784,1211.994,164391
2014-12-02,1210.981,1213.248,1191.934,1198.438,75483
2014-12-03,1198.349,1215.356,1194.058,1209.515,55349
2014-12-04,1210.156,1213.535,1201.175,1205.235,62311
2014-12-05,1205.795,1207.693,1186.422,1192.359,66110
2014-12-08,1190.574,1209.106,1187.296,1203.378,46703
2014-12-09,1202.741,1238.326,1199.352,1231.154,89722
2014-12-10,1231.154,1238.427,1224.786,1226.292,76586
2014-12-11,1225.474,1232.936,1216.045,1227.886,84864
2014-12-12,1227.281,1228.34,1214.353,1222.462,110830
2014-12-15,1221.084,1224.377,1190.805,1193.286,130872
2014-12-16,1193.562,1223.669,1187.464,1196.988,275422
2014-12-17,1196.738,1203.102,1183.269,1189.842,231413
2014-12-18,1188.963,1214.058,1188.523,1198.616,140705
2014-12-19,1198.616,1201.478,1193.71,1195.666,79724
2014-12-22,1195.528,1203.675,1170.78,1176.507,106499
2014-12-23,1177.268,1185.094,1172.63,1176.614,79441
2014-12-24,1176.958,1181.294,1172.963,1174.576,38548
2014-12-26,1175.124,1199.26,1175.014,1196.531,110003
2014-12-29,1194.743,1197.631,1178.984,1183.253,73923
2014-12-30,1183.648,1211.008,1180.767,1200.508,107736
2014-12-31,1200.508,1203.909,1181.938,1182.789,17715
2015-01-02,1184.161,1195.137,1167.622,1188.772,31239
2015-01-05,1188.893,1207.662,1178.311,1204.693,69800
2015-01-06,1204.438,1223.28,1201.79,1218.51,128130
2015-01-07,1218.881,1219.448,1208.954,1211.577,104292
2015-01-08,1211.134,1216.866,1204.504,1208.949,78202
2015-01-09,1208.949,1224.301,1206.94,1223.334,111346
2015-01-12,1222.857,1235.985,1217.618,1233.637,88692
2015-01-13,1233.012,1244.386,1227.292,1230.514,127609
2015-01-14,1230.514,1244.554,1225.085,1228.537,176615
2015-01-15,1228.92,1266.9,1226.135,1262.595,350934
2015-01-16,1262.54,1282.172,1255.091,1280.197,242954
2015-01-19,1280.436,1281.786,1272.102,1277.036,81577
2015-01-20,1276.003,1297.219,1274.148,1295.212,138356
2015-01-21,1294.174,1305.722,1284.658,1293.182,149418
2015-01-22,1293.58,1307.788,1279.323,1302.584,172324
2015-01-23,1302.584,1302.88,1284.443,1294.714,104491
2015-01-26,1293.177,1299.38,1275.934,1281.338,128203
2015-01-27,1281.882,1297.666,1272.344,1292.364,125083
2015-01-28,1291.592,1293.805,1279.712,1284.39,106976
2015-01-29,1283.845,1286.036,1251.905,1257.268,164485
2015-01-30,1257.924,1284.932,1257.17,1283.956,117682
2015-02-02,1282.968,1283.476,1266.327,1274.466,104627
2015-02-03,1274.157,1286.208,1255.588,1260.298,140960
2015-02-04,1261.017,1272.987,1256.698,1269.134,133096
2015-02-05,1270.04,1274.482,1256.206,1264.778,102773
2015-02-06,1264.391,1268.9,1228.438,1234.459,144318
2015-02-09,1236.945,1243.79,1234.352,1239.106,53896
2015-02-10,1239.434,1245.986,1230.988,1233.507,69928
2015-02-11,1233.967,1238.835,1216.657,1218.732,72855
2015-02-12,1219.288,1233.256,1216.884,1222.064,83691
2015-02-13,1222.387,1235.076,1221.83,1229.261,63896
2015-02-16,1228.153,1237.151,1227.498,1231.182,39175
2015-02-17,1230.592,1234.079,1203.912,1209.858,92357
2015-02-18,1209.518,1213.676,1197.576,1212.686,86208
2015-02-19,1213.01,1223.152,1205.484,1206.794,88715
2015-02-20,1207.217,1215.562,1198.176,1201.618,90452
2015-02-23,1203.819,1210.484,1190.568,1201.898,86007
2015-02-24,1201.213,1204.64,1190.391,1200.599,91250
2015-02-25,1200.133,1211.915,1200.129,1205.015,56825
2015-02-26,1205.015,1220.14,1203.703,1209.356,76793
2015-02-27,1209.203,1219.482,1204.545,1213.27,69325
2015-03-02,1213.964,1223.372,1204.702,1206.942,77553
2015-03-03,1206.942,1214.97,1195.424,1203.907,82935
2015-03-04,1204.547,1209.109,1198.355,1200.442,67412
2015-03-05,1199.943,1209.588,1196.552,1198.34,57722
2015-03-06,1198.34,1200.821,1163.852,1167.459,145792
2015-03-09,1170.2,1175.509,1165.954,1167.353,49274
2015-03-10,1167.116,1170.67,1155.156,1161.77,84205
2015-03-11,1162.104,1165.334,1147.687,1155.25,66704
2015-03-12,1155.572,1166.745,1148.651,1153.803,83000
2015-03-13,1153.478,1161.903,1151.494,1158.448,62401
2015-03-16,1158.612,1164.259,1150.436,1154.714,54616
2015-03-17,1154.714,1160.111,1142.732,1149.526,76318
2015-03-18,1149.188,1176.21,1146.056,1167.597,166870
2015-03-19,1167.504,1178.09,1159.659,1171.171,119189
2015-03-20,1171.581,1188.08,1168.861,1182.697,87175
2015-03-23,1183.825,1191.718,1179.418,1189.446,73096
2015-03-24,1189.868,1195.172,1185.529,1193.308,80349
2015-03-25,1192.948,1199.838,1186.77,1195.336,65131
2015-03-26,1195.907,1220.003,1194.616,1204.785,98830
2015-03-27,1205.173,1206.338,1192.682,1198.81,74175
2015-03-30,1198.691,1199.914,1182.446,1186.043,56671
2015-03-31,1186.364,1190.864,1178.545,1183.718,64931
2015-04-01,1183.238,1208.744,1180.95,1204.034,70693
2015-04-02,1203.498,1207.444,1195.008,1202.78,69269
2015-04-03,1202.309,1203.206,1202.055,1203.206,95
2015-04-06,1214.332,1224.362,1213.083,1214.938,80840
2015-04-07,1214.553,1215.9,1207.572,1209.262,44631
2015-04-08,1209.262,1212.5,1197.575,1202.53,72784
2015-04-09,1202.53,1203.571,1192.781,1194.902,51103
2015-04-10,1194.398,1210.824,1193.348,1207.75,60890
2015-04-13,1207.166,1209.649,1196.498,1198.706,58948
2015-04-14,1199.191,1201.626,1184.053,1192.848,98494
2015-04-15,1192.482,1204.804,1188.982,1202.65,67030
2015-04-16,1202.163,1209.289,1194.842,1198.542,87880
2015-04-17,1198.864,1208.094,1197.529,1204.04,83788
2015-04-20,1204.732,1209.472,1191.498,1195.718,80721
2015-04-21,1196.088,1204.43,1193.161,1202.482,41239
2015-04-22,1202.808,1205.098,1185.858,1187.149,65308
2015-04-23,1187.665,1198.152,1184.434,1194.069,55267
2015-04-24,1193.725,1196.116,1175.27,1179.412,80429
2015-04-27,1179.858,1207.358,1178.706,1201.969,105493
2015-04-28,1202.368,1215.182,1199.294,1212.223,75496
2015-04-29,1211.893,1214.152,1201.414,1204.611,84144
2015-04-30,1204.756,1207.705,1177.065,1184.3,120907
2015-05-01,1184.628,1185.388,1169.889,1178.354,71615
2015-05-04,1178.448,1193.038,1177.84,1188.302,70456
2015-05-05,1188.629,1200.096,1185.807,1193.324,49448
2015-05-06,1193.686,1197.85,1188.406,1192.188,61373
2015-05-07,1191.986,1192.986,1178.934,1184.656,65282
2015-05-08,1184.107,1194.034,1181.696,1188.29,98681
2015-05-11,1189.661,1191.91,1178.968,1183.929,47441
2015-05-12,1183.562,1197.372,1180.789,1193.836,46132
2015-05-13,1193.826,1219.048,1191.323,1215.802,96703
2015-05-14,1215.455,1227.746,1212.46,1221.031,77169
2015-05-15,1221.48,1226.321,1211.122,1224.171,59635
2015-05-18,1223.102,1232.534,1221.676,1225.512,51182
2015-05-19,1225.856,1226.062,1205.87,1207.764,72202
2015-05-20,1207.604,1213.624,1203.36,1209.842,59871
2015-05-21,1209.487,1212.89,1201.51,1206.193,55404
2015-05-22,1206.522,1215.086,1201.554,1205.972,59513
2015-05-25,1205.706,1208.786,1202.945,1207.268,26786
2015-05-26,1207.268,1207.674,1185.614,1187.358,102765
2015-05-27,1186.999,1191.119,1183.736,1187.986,47781
2015-05-28,1188.405,1192.318,1180.21,1188.286,71873
2015-05-29,1187.821,1194.492,1185.735,1190.332,59363
2015-06-01,1190.439,1204.473,1184.315,1189.303,96123
2015-06-02,1188.906,1196.512,1185.974,1193.026,79417
2015-06-03,1193.467,1195.63,1179.516,1185.088,84527
2015-06-04,1185.566,1186.806,1173.045,1176.9,87930
2015-06-05,1176.565,1178.664,1162.796,1172.363,81631
2015-06-08,1171.092,1177.83,1169.202,1174.084,52026
2015-06-09,1173.716,1183.056,1172.673,1176.796,37439
2015-06-10,1177.024,1192.43,1175.254,1186.109,50567
2015-06-11,1185.938,1188.116,1175.596,1181.914,53849
2015-06-12,1182.29,1184.514,1176.497,1181.705,32464
2015-06-15,1180.777,1190.778,1172.81,1186.314,59284
2015-06-16,1186.657,1188.047,1176.153,1182.212,32920
2015-06-17,1181.773,1189.459,1174.731,1185.466,63953
2015-06-18,1184.857,1205.986,1183.682,1201.964,85218
2015-06-19,1201.495,1204.326,1198.48,1200.368,28227
2015-06-22,1200.466,1201.232,1182.27,1185.964,36876
2015-06-23,1186.295,1188.27,1176.286,1178.663,39967
2015-06-24,1178.985,1180.474,1169.385,1175.533,35699
2015-06-25,1175.151,1178.243,1171.43,1173.212,30423
2015-06-26,1173.533,1178.826,1168.4,1175.264,35316
2015-06-29,1184.886,1188.448,1173.822,1179.824,73763
2015-06-30,1180.146,1180.669,1166.612,1172.37,59628
2015-07-01,1172.045,1175.223,1167.701,1168.836,35590
2015-07-02,1169.208,1170.028,1157.13,1166.166,53647
2015-07-03,1166.697,1170.444,1164.768,1169.034,23289
2015-07-06,1174.519,1175.668,1162.988,1170.36,54527
2015-07-07,1170.033,1170.905,1148.038,1155.229,110301
2015-07-08,1155.654,1164.827,1147.222,1158.245,97697
2015-07-09,1158.766,1168.03,1156.1,1159.336,62046
2015-07-10,1159.659,1165.591,1157.51,1163.584,48375
2015-07-13,1163.351,1165.174,1151.122,1157.921,61989
2015-07-14,1158.241,1159.981,1152.972,1156.141,44319
2015-07-15,1155.744,1157.033,1143.277,1149.314,49425
2015-07-16,1148.815,1149.877,1142.304,1145.583,48898
2015-07-17,1144.987,1145.915,1131.164,1134.384,57217
2015-07-20,1133.595,1134.099,1071.806,1096.341,187127
2015-07-21,1096.187,1110.034,1096.103,1101.49,62858
2015-07-22,1101.622,1103.776,1087.144,1094.456,74668
2015-07-23,1094.013,1105.982,1087.34,1090.756,68073
2015-07-24,1091.169,1101.698,1076.168,1099.186,106714
2015-07-27,1099.465,1105.186,1088.513,1093.996,74814
2015-07-28,1094.566,1099.14,1091.64,1095.3,43462
2015-07-29,1095.795,1102.155,1090.475,1096.831,83858
2015-07-30,1096.732,1098.797,1082.653,1088.544,83779
2015-07-31,1088.924,1103.684,1080.1,1095.484,91742
2015-08-03,1096.001,1098.104,1085.919,1087.015,48244
2015-08-04,1086.652,1095.076,1081.11,1087.68,46395
2015-08-05,1088.081,1092.777,1083.088,1085.056,52288
2015-08-06,1085.708,1094.204,1083.607,1089.622,34962
2015-08-07,1089.987,1099.648,1082.524,1094.266,86130
2015-08-10,1094.755,1109.096,1089.748,1104.477,57019
2015-08-11,1104.913,1119.66,1093.909,1109.036,95487
2015-08-12,1109.404,1126.054,1101.899,1124.64,86423
2015-08-13,1124.149,1126.94,1113.683,1115.33,57180
2015-08-14,1114.836,1121.182,1111.846,1115.086,47190
2015-08-17,1114.254,1122.968,1113.808,1117.542,32415
2015-08-18,1117.876,1121.31,1109.567,1117.611,43724
2015-08-19,1117.975,1134.965,1116.337,1133.993,59552
2015-08-20,1133.571,1154.15,1132.736,1152.242,63759
2015-08-21,1152.569,1168.462,1149.069,1161.104,97769
2015-08-24,1160.78,1170.284,1145.612,1155.084,259704
2015-08-25,1155.805,1156.79,1134.636,1140.545,144504
2015-08-26,1140.545,1146.549,1117.794,1124.986,152754
2015-08-27,1124.491,1129.396,1118.197,1125.051,77562
2015-08-28,1124.438,1141.033,1123.911,1133.97,88775
2015-08-31,1133.726,1136.906,1125.752,1134.996,51422
2015-09-01,1134.617,1148.076,1134.148,1140.326,61869
2015-09-02,1139.928,1142.564,1132.126,1134.03,52150
2015-09-03,1133.87,1134.442,1121.866,1125.28,55122
2015-09-04,1125.896,1133.796,1116.445,1121.81,69664
2015-09-07,1123.61,1124.941,1115.736,1119.168,26218
2015-09-08,1118.8,1126.876,1118.743,1121.384,39907
2015-09-09,1121.85,1125.518,1101.44,1108.026,56530
2015-09-10,1108.024,1115.238,1103.84,1110.467,51470
2015-09-11,1109.933,1113.012,1098.819,1107.636,50730
2015-09-14,1108.146,1110.66,1103.612,1108.806,27008
2015-09-15,1109.199,1109.503,1102.536,1105.14,27300
2015-09-16,1104.818,1124.327,1104.075,1119.474,49078
2015-09-17,1119.803,1136.494,1115.51,1131.414,103680
2015-09-18,1131.086,1141.879,1127.646,1139.244,79310
2015-09-21,1139.085,1140.122,1129.519,1133.385,27889
2015-09-22,1133.03,1136.822,1121.428,1124.648,38715
2015-09-23,1124.382,1134.67,1122.005,1130.142,36859
2015-09-24,1129.208,1156.832,1128.826,1153.842,69663
2015-09-25,1151.614,1151.876,1140.803,1146.564,54945
2015-09-28,1145.423,1148.573,1128.096,1132.316,55336
2015-09-29,1131.927,1134.946,1124.236,1127.24,44886
2015-09-30,1127.58,1128.28,1111.716,1114.85,57456
2015-10-01,1115.59,1119.268,1111.112,1113.625,29354
2015-10-02,1113.625,1141.404,1104.642,1138.562,91513
2015-10-05,1137.713,1142.15,1130.184,1135.676,47449
2015-10-06,1135.676,1151.353,1135.064,1147.388,42276
2015-10-07,1147.388,1154.044,1141.93,1145.586,41068
2015-10-08,1145.586,1151.456,1136.642,1139.202,49801
2015-10-09,1138.607,1159.766,1138.607,1156.118,51905
2015-10-12,1156.118,1169.084,1154.906,1163.772,43045
2015-10-13,1163.359,1168.882,1151.809,1168.806,43445
2015-10-14,1168.35,1189.959,1162.857,1184.223,76919
2015-10-15,1183.762,1191.874,1174.13,1183.314,84597
2015-10-16,1183.106,1184.736,1174.467,1176.742,49629
2015-10-19,1176.834,1178.442,1168.698,1170.957,45447
2015-10-20,1170.568,1181.172,1167.524,1176.05,45956
2015-10-21,1176.076,1179.398,1163.56,1167.182,55272
2015-10-22,1166.726,1171.961,1162.441,1165.594,55179
2015-10-23,1165.594,1179.529,1158.978,1164.244,71212
2015-10-26,1164.156,1169.845,1162.244,1163.374,32735
2015-10-27,1162.758,1168.932,1160.736,1166.733,40993
2015-10-28,1166.733,1183.08,1152.34,1155.735,94437
2015-10-29,1156.668,1162.801,1144.769,1146.256,67651
2015-10-30,1147.09,1150.146,1138.909,1142.302,46333
2015-11-02,1141.846,1143.138,1132.74,1133.748,36729
2015-11-03,1133.356,1138.507,1114.485,1117.87,49623
2015-11-04,1117.488,1122.97,1106.498,1107.98,53175
2015-11-05,1107.912,1112.033,1103.09,1104.059,42473
2015-11-06,1104.192,1110.618,1085.508,1089.76,75862
2015-11-09,1089.639,1095.915,1088.405,1092.497,38940
2015-11-10,1091.833,1095.701,1085.169,1089.696,35116
2015-11-11,1089.696,1094.638,1084.2,1086.252,45616
2015-11-12,1086.252,1089.746,1074.017,1085.363,54011
2015-11-13,1084.58,1088.888,1079.675,1083.893,55507
2015-11-16,1089.842,1098.21,1081.456,1082.804,51857
2015-11-17,1083.314,1085.735,1065.574,1070.284,59214
2015-11-18,1071.21,1075.704,1063.836,1070.781,60606
2015-11-19,1070.28,1087.492,1069.478,1082.292,60519
2015-11-20,1081.42,1088.166,1075.922,1077.663,50946
2015-11-23,1077.011,1077.518,1066.398,1069.04,47710
2015-11-24,1069.447,1081.292,1068.873,1075.458,46323
2015-11-25,1075.407,1080.97,1067.88,1071.524,48107
2015-11-26,1071.524,1074.928,1069.741,1072.018,38680
2015-11-27,1072.018,1073.966,1052.837,1057.88,50358
2015-11-30,1058.27,1069.904,1053.27,1064.957,45914
2015-12-01,1064.957,1074.798,1063.364,1069.649,51110
2015-12-02,1068.835,1071.757,1050.642,1053.8,53765
2015-12-03,1054.259,1065.573,1046.434,1062.198,172888
2015-12-04,1062.974,1088.976,1058.277,1086.182,119154
2015-12-07,1086.31,1086.794,1066.078,1071.32,60675
2015-12-08,1071.164,1079.3,1067.69,1074.666,72495
2015-12-09,1075.266,1085.552,1069.405,1072.846,83313
2015-12-10,1072.095,1076.734,1069.436,1071.342,59057
2015-12-11,1072.152,1079.714,1062.464,1074.832,91393
2015-12-14,1073.419,1077.78,1058.504,1060.272,71630
2015-12-15,1060.414,1068.886,1058.568,1061.226,84302
2015-12-16,1060.862,1078.606,1060.862,1072.06,130813
2015-12-17,1073.01,1073.398,1047.724,1051.834,96050
2015-12-18,1052.543,1071.888,1050.962,1066.343,75155
2015-12-21,1065.553,1081.866,1063.942,1078.705,69217
2015-12-22,1078.296,1080.889,1071.841,1072.854,47670
2015-12-23,1072.412,1075.592,1068.264,1070.3,35519
2015-12-24,1070.054,1077.18,1070.054,1076.013,48622
2015-12-28,1076.127,1077.201,1066.605,1069.076,64542
2015-12-29,1069.076,1075.368,1067.5,1069.164,60472
2015-12-30,1069.164,1072.328,1059.518,1061.661,76525
2015-12-31,1061.017,1063.708,1057.808,1060.852,41490
2016-01-01,1060.852,1060.852,1060.588,1060.588,6
2016-01-04,1062.7,1083.62,1061.891,1074.646,78091
2016-01-05,1074.404,1082.159,1072.721,1077.63,45115
2016-01-06,1077.12,1095.34,1075.072,1093.713,86166
2016-01-07,1094.12,1110.217,1091.51,1108.894,88310
2016-01-08,1109.094,1113.706,1092.256,1104.032,132196
2016-01-11,1103.874,1108.648,1093.614,1094.174,86742
2016-01-12,1095.006,1099.4,1083.556,1087.094,66355
2016-01-13,1087.272,1095.73,1079.925,1093.338,73317
2016-01-14,1093.932,1095.545,1071.509,1078.246,76825
2016-01-15,1079.212,1097.522,1076.35,1089.218,95503
2016-01-18,1089.508,1093.51,1087.605,1089.148,27792
2016-01-19,1088.94,1094.731,1082.471,1087.337,62568
2016-01-20,1087.337,1109.818,1086.984,1101.135,85555
2016-01-21,1100.519,1104.694,1092.538,1101.095,97795
2016-01-22,1101.978,1103.066,1094.154,1097.796,59677
2016-01-25,1097.486,1109.02,1097.338,1107.952,59917
2016-01-26,1108.439,1123.035,1107.153,1120.135,56516
2016-01-27,1119.788,1128.176,1114.93,1124.759,86849
2016-01-28,1125.838,1126.034,1110.653,1115.038,79361
2016-01-29,1115.074,1118.752,1108.284,1118.118,89924
2016-02-01,1118.226,1129.904,1115.394,1128.358,55291
2016-02-02,1128.58,1131.208,1122.335,1128.942,48169
2016-02-03,1129.417,1145.662,1124.48,1142.488,95693
2016-02-04,1142.488,1157.442,1139.388,1155.756,92763
2016-02-05,1155.03,1174.711,1145.334,1173.368,135034
2016-02-08,1173.692,1201.046,1164.3,1189.17,122491
2016-02-09,1189.156,1199.069,1185.78,1188.936,119539
2016-02-10,1189.624,1197.808,1181.59,1197.209,120580
2016-02-11,1197.335,1263.567,1195.946,1246.661,431747
2016-02-12,1246.73,1248.418,1232.518,1238.096,195131
2016-02-15,1235.341,1235.645,1202.226,1209.348,116458
2016-02-16,1208.493,1217.093,1191.016,1199.964,155142
2016-02-17,1200.891,1213.906,1195.783,1208.626,149947
2016-02-18,1209.219,1240.039,1200.812,1230.954,129159
2016-02-19,1230.598,1234.652,1220.094,1226.407,134658
2016-02-22,1226.318,1226.467,1202.036,1208.986,111741
2016-02-23,1208.986,1228.463,1207.246,1226.997,147674
2016-02-24,1224.863,1253.434,1221.926,1228.78,185163
2016-02-25,1228.78,1243.584,1221.234,1233.274,163474
2016-02-26,1232.202,1240.611,1211.51,1222.896,125903
2016-02-29,1222.686,1241.255,1215.764,1238.681,114573
2016-03-01,1238.174,1248.617,1227.2,1232.22,144271
2016-03-02,1231.63,1244.248,1224.856,1239.932,120884
2016-03-03,1240.178,1268.6,1237.562,1265.13,142027
2016-03-04,1263.533,1279.934,1250.03,1259.046,313388
2016-03-07,1259.844,1273.287,1256.872,1267.356,146992
2016-03-08,1265.56,1278.15,1260.331,1261.772,137499
2016-03-09,1261.45,1265.08,1243.064,1253.003,126763
2016-03-10,1253.114,1273.478,1236.83,1272.348,297573
2016-03-11,1270.97,1284.98,1248.288,1250.157,165530
2016-03-14,1250.828,1261.195,1229.378,1235.176,108795
2016-03-15,1236.144,1238.242,1225.576,1232.605,110472
2016-03-16,1233.154,1264.086,1226.686,1262.493,202187
2016-03-17,1261.164,1271.078,1254.536,1257.949,175940
2016-03-18,1256.815,1267.03,1247.852,1255.196,101746
2016-03-21,1253.873,1256.145,1240.691,1243.753,90936
2016-03-22,1244.438,1260.436,1242.526,1248.197,102542
2016-03-23,1247.35,1249.51,1215.431,1220.334,128030
2016-03-24,1220.634,1223.978,1211.129,1217.209,87570
2016-03-28,1215.169,1223.272,1207.185,1221.351,67752
2016-03-29,1221.178,1243.254,1215.306,1242.384,152315
2016-03-30,1241.436,1244.621,1223.326,1224.878,130100
2016-03-31,1225.16,1240.6,1223.668,1232.841,126599
2016-04-01,1232.482,1235.484,1209.057,1222.506,194660
2016-04-04,1220.488,1222.726,1214.654,1215.534,72101
2016-04-05,1215.904,1237.078,1214.833,1231.386,95877
2016-04-06,1231.386,1232.39,1216.006,1222.222,112658
2016-04-07,1222.549,1243.372,1222.545,1240.599,141360
2016-04-08,1238.854,1242.816,1229.63,1239.54,117704
2016-04-11,1240.136,1258.984,1239.936,1257.642,111091
2016-04-12,1258.521,1262.778,1251.193,1255.804,96349
2016-04-13,1255.258,1256.832,1239.78,1242.692,100053
2016-04-14,1241.439,1244.288,1223.951,1227.366,160361
2016-04-15,1227.804,1236.37,1225.38,1233.843,90514
2016-04-18,1235.044,1241.77,1230.062,1232.493,101559
2016-04-19,1232.276,1256.749,1227.742,1250.298,154369
2016-04-20,1250.682,1258.144,1242.502,1244.348,131846
2016-04-21,1243.328,1270.431,1242.764,1248.188,277201
2016-04-22,1247.562,1252.744,1227.493,1232.256,223554
2016-04-25,1233.219,1242.498,1230.192,1238.007,139755
2016-04-26,1238.953,1245.112,1231.425,1243.47,174706
2016-04-27,1244.676,1253.025,1239.407,1245.88,244273
2016-04-28,1246.491,1269.758,1237.271,1266.601,283529
2016-04-29,1266.184,1296.929,1265.116,1293.354,234555
2016-05-02,1291.161,1303.838,1287.657,1291.598,216354
2016-05-03,1292.252,1301.93,1282.172,1286.362,204123
2016-05-04,1285.092,1289.93,1271.871,1279.36,192763
2016-05-05,1279.83,1286.537,1268.912,1277.753,155925
2016-05-06,1277.753,1295.716,1274.54,1287.612,226953
2016-05-09,1285.374,1287.706,1261.44,1264.126,203122
2016-05-10,1264.126,1270.374,1256.892,1265.896,156459
2016-05-11,1266.534,1279.248,1264.883,1277.355,194670
2016-05-12,1278.398,1281.082,1261.445,1263.703,226052
2016-05-13,1263.703,1276.428,1262.937,1273.273,180319
2016-05-16,1271.865,1288.784,1270.486,1273.778,210309
2016-05-17,1273.482,1282.448,1268.91,1278.981,226788
2016-05-18,1279.572,1282.2,1255.144,1258.862,367177
2016-05-19,1257.587,1261.452,1243.947,1254.748,358330
2016-05-20,1255.364,1260.37,1248.897,1251.944,153889
2016-05-23,1250.65,1256.254,1243.091,1248.914,289036
2016-05-24,1249.204,1252.345,1226.216,1227.088,380074
2016-05-25,1227.088,1230.303,1217.872,1224.56,138287
2016-05-26,1223.402,1234.532,1218.332,1219.962,134445
2016-05-27,1220.473,1223.604,1206.833,1213.152,139947
2016-05-30,1213.022,1213.658,1199.454,1204.961,77567
2016-05-31,1206.445,1218.326,1204.86,1215.222,94768
2016-06-01,1215.25,1220.512,1206.072,1212.793,97540
2016-06-02,1213.826,1217.758,1209.912,1210.883,90437
2016-06-03,1211.09,1244.97,1207.04,1244.482,208706
2016-06-06,1242.907,1248.85,1239.905,1245.114,99154
2016-06-07,1245.468,1246.706,1234.772,1243.811,75265
2016-06-08,1244.396,1264.462,1243.105,1262.202,85943
2016-06-09,1261.894,1271.848,1256.888,1269.46,79888
2016-06-10,1269.1,1278.228,1264.658,1273.782,83282
2016-06-13,1273.782,1287.317,1272.522,1283.98,99583
2016-06-14,1282.948,1289.929,1276.063,1286.01,116001
2016-06-15,1285.127,1296.95,1278.513,1291.484,117163
2016-06-16,1292.118,1315.725,1277.33,1277.348,199571
2016-06-17,1278.881,1299.847,1276.57,1298.404,139438
2016-06-20,1289.328,1292.93,1278.106,1290.373,115542
2016-06-21,1289.646,1294.506,1264.582,1268.586,141884
2016-06-22,1268.246,1270.836,1261.212,1266.676,96012
2016-06-23,1262.964,1272.312,1254.374,1255.342,130668
2016-06-24,1252.462,1358.762,1250.428,1315.136,1215365
2016-06-27,1318.472,1335.848,1317.622,1324.259,465151
2016-06-28,1324.619,1326.384,1305.51,1311.484,209688
2016-06-29,1311.484,1327.952,1310.077,1319.756,199299
2016-06-30,1317.756,1324.188,1312.802,1321.98,166877
2016-07-01,1321.98,1344.62,1320.688,1341.938,224664
2016-07-04,1342.685,1357.69,1335.92,1351.028,272553
2016-07-05,1349.502,1357.804,1338.114,1356.442,264565
2016-07-06,1354.732,1375.222,1354.732,1363.712,269030
2016-07-07,1363.796,1370.978,1350.835,1361.084,210788
2016-07-08,1358.844,1370.712,1335.181,1365.827,348223
2016-07-11,1367.225,1375.288,1350.77,1355.759,207780
2016-07-12,1355.216,1357.913,1330.433,1333.362,171418
2016-07-13,1332.892,1345.537,1327.568,1342.31,150330
2016-07-14,1343.986,1347.345,1320.249,1334.974,213144
2016-07-15,1336.166,1339.303,1322.532,1337.227,182098
2016-07-18,1332.455,1335.678,1323.516,1328.954,165724
2016-07-19,1328.536,1335.168,1325.726,1331.832,132651
2016-07-20,1331.502,1339.002,1312.728,1316.134,152752
2016-07-21,1316.678,1334.004,1310.858,1331.5,183149
2016-07-22,1330.585,1333.972,1319.778,1322.53,128082
2016-07-25,1322.822,1323.867,1311.586,1315.88,106948
2016-07-26,1315.454,1324.638,1313.836,1320.224,108667
2016-07-27,1319.814,1342.583,1315.848,1340.466,215554
2016-07-28,1339.246,1345.724,1332.532,1335.598,143386
2016-07-29,1335.487,1355.162,1328.093,1350.708,284106
2016-08-01,1349.399,1355.044,1346.243,1353.236,106347
2016-08-02,1353.835,1367.365,1347.18,1363.502,154736
2016-08-03,1363.502,1366.662,1354.212,1357.88,133654
2016-08-04,1358.559,1365.124,1349.22,1361.278,168802
2016-08-05,1360.964,1364.81,1334.765,1335.909,194246
2016-08-08,1335.134,1338.418,1330.028,1335.37,120419
2016-08-09,1334.981,1342.754,1330.606,1340.53,98641
2016-08-10,1341.092,1357.452,1339.964,1346.747,139919
2016-08-11,1347.85,1353.549,1335.798,1338.404,109334
2016-08-12,1339.903,1356.779,1332.997,1336.478,202043
2016-08-15,1338.12,1344.002,1335.823,1339.344,92663
2016-08-16,1339.874,1358.256,1339.528,1346.753,164150
2016-08-17,1346.164,1351.876,1335.338,1349.194,126359
2016-08-18,1347.956,1356.286,1346.21,1353.107,127724
2016-08-19,1352.5,1353.088,1337.868,1340.868,162004
2016-08-22,1340.766,1341.546,1331.744,1338.842,133596
2016-08-23,1339.16,1344.858,1335.222,1338.393,116488
2016-08-24,1337.516,1340.24,1323.828,1324.084,149551
2016-08-25,1324.084,1327.155,1318.067,1321.754,104047
2016-08-26,1321.754,1342.478,1318.497,1320.53,297248
2016-08-29,1320.796,1325.223,1314.888,1323.162,137299
2016-08-30,1323.69,1325.651,1309.251,1310.727,118982
2016-08-31,1312.557,1316.276,1304.186,1309.108,109487
2016-09-01,1308.426,1315.272,1302.544,1313.708,135045
2016-09-02,1313.872,1330.476,1303.858,1325.472,243875
2016-09-05,1324.53,1328.687,1321.842,1326.651,58207
2016-09-06,1326.463,1352.838,1324.904,1349.957,144079
2016-09-07,1348.713,1352.751,1342.772,1345.248,114163
2016-09-08,1345.248,1349.554,1335.384,1337.834,153304
2016-09-09,1337.834,1339.682,1326.985,1326.985,116792
2016-09-12,1328.092,1330.414,1320.437,1327.89,150868
2016-09-13,1327.89,1332.152,1315.772,1318.844,150083
2016-09-14,1319.905,1326.376,1313.625,1322.572,113560
2016-09-15,1322.572,1328.755,1309.331,1314.624,174032
2016-09-16,1315.238,1318.22,1306.248,1309.984,115113
2016-09-19,1310.22,1318.548,1309.532,1313.201,96305
2016-09-20,1313.201,1318.07,1312.055,1315.072,64222
2016-09-21,1315.182,1337.504,1307.836,1335.158,286361
2016-09-22,1335.158,1343.816,1331.258,1336.986,116259
2016-09-23,1335.998,1340.766,1333.886,1338.17,92527
2016-09-26,1336.73,1342.248,1332.813,1337.786,90049
2016-09-27,1337.698,1339.688,1324.524,1327.143,120314
2016-09-28,1326.598,1327.723,1318.088,1322.128,74201
2016-09-29,1321.378,1325.946,1315.738,1320.33,94006
2016-09-30,1320.279,1328.122,1313.273,1315.609,129642
2016-10-03,1318.647,1319.747,1309.389,1311.39,78320
2016-10-04,1313.134,1313.164,1266.95,1268.198,179594
2016-10-05,1268.248,1277.332,1262.15,1266.88,119448
2016-10-06,1267.569,1269.574,1249.948,1254.67,91632
2016-10-07,1254.67,1265.61,1241.44,1257.168,311420
2016-10-10,1256.691,1265.026,1256.591,1259.698,96897
2016-10-11,1259.698,1262.31,1252.632,1252.666,90672
2016-10-12,1253.314,1259.029,1249.832,1255.176,96569
2016-10-13,1255.316,1262.542,1253.195,1258.224,95088
2016-10-14,1258.224,1259.762,1246.066,1251.592,120583
2016-10-17,1251.821,1257.328,1250.292,1255.704,64702
2016-10-18,1256.045,1264.816,1254.583,1262.67,72897
2016-10-19,1263.769,1273.432,1260.37,1269.577,73398
2016-10-20,1269.577,1274.88,1264.897,1266.079,77261
2016-10-21,1265.78,1268.144,1261.235,1266.9,50474
2016-10-24,1265.848,1272.024,1259.886,1264.736,68514
2016-10-25,1265.246,1276.804,1262.118,1274.368,71839
2016-10-26,1273.398,1276.628,1264.808,1267.194,64299
2016-10-27,1266.938,1272.876,1265.035,1268.61,80832
2016-10-28,1268.26,1284.402,1261.108,1275.682,169362
2016-10-31,1277.109,1279.724,1271.254,1277.067,88652
2016-11-01,1277.993,1292.058,1275.575,1288.367,117075
2016-11-02,1287.402,1308.172,1287.402,1296.264,148016
2016-11-03,1297.154,1307.174,1285.728,1302.394,130117
2016-11-04,1303.225,1307.314,1294.827,1304.701,126911
2016-11-07,1293.132,1295.978,1278.224,1281.902,138408
2016-11-08,1282.222,1290.896,1272.905,1275.906,118247
2016-11-09,1275.588,1337.53,1268.076,1278.277,1542640
2016-11-10,1278.34,1292.573,1252.338,1258.778,330812
2016-11-11,1259.425,1265.578,1219.076,1227.916,422195
2016-11-14,1227.162,1231.409,1211.55,1221.314,382607
2016-11-15,1221.818,1231.78,1218.962,1228.553,221519
2016-11-16,1228.461,1233.264,1221.511,1224.762,169163
2016-11-17,1224.592,1231.542,1210.986,1216.538,191191
2016-11-18,1216.094,1218.002,1202.492,1207.195,213375
2016-11-21,1208.414,1217.986,1205.656,1214.039,142248
2016-11-22,1213.956,1221.199,1206.136,1212.496,160085
2016-11-23,1213.06,1215.134,1181.794,1187.59,180702
2016-11-24,1187.2,1191.012,1180.318,1183.304,134486
2016-11-25,1183.904,1193.414,1170.938,1184.098,264345
2016-11-28,1183.022,1197.718,1182.56,1193.598,176550
2016-11-29,1193.901,1195.374,1181.098,1188.456,136271
2016-11-30,1188.711,1195.054,1170.034,1173.218,195577
2016-12-01,1173.66,1176.884,1160.75,1171.78,198740
2016-12-02,1172.488,1178.302,1166.796,1176.77,138855
2016-12-05,1181.186,1188.287,1157.144,1170.546,216691
2016-12-06,1170.345,1175.438,1166.612,1169.871,111259
2016-12-07,1169.517,1180.386,1165.629,1174.156,95229
2016-12-08,1174.209,1178.842,1169.23,1170.757,182872
2016-12-09,1171.16,1172.148,1156.262,1159.579,124983
2016-12-12,1159.358,1165.942,1151.097,1162.261,119597
2016-12-13,1163.008,1165.176,1154.674,1158.346,95361
2016-12-14,1157.782,1165.562,1138.825,1143.538,213331
2016-12-15,1141.881,1144.544,1122.69,1128.308,210224
2016-12-16,1129.0,1141.455,1126.726,1134.264,144843
2016-12-19,1133.808,1142.508,1133.808,1138.794,106341
2016-12-20,1137.896,1139.928,1125.831,1132.246,114628
2016-12-21,1132.648,1137.25,1129.441,1131.669,77102
2016-12-22,1131.39,1134.216,1127.61,1128.729,85646
2016-12-23,1128.682,1136.018,1128.226,1132.388,55010
2016-12-27,1133.782,1151.08,1131.722,1138.604,90418
2016-12-28,1137.982,1144.656,1136.574,1141.21,85263
2016-12-29,1141.874,1159.684,1141.719,1158.324,141209
2016-12-30,1158.324,1163.412,1149.776,1150.817,173251
2017-01-03,1150.515,1165.053,1146.168,1158.946,148305
2017-01-04,1158.416,1168.174,1156.284,1163.428,104188
2017-01-05,1163.886,1185.141,1162.844,1180.328,210209
2017-01-06,1180.498,1183.313,1170.972,1172.994,179007
2017-01-09,1173.099,1186.368,1171.911,1180.523,102600
2017-01-10,1181.694,1190.704,1180.246,1187.618,108698
2017-01-11,1188.124,1198.392,1177.24,1191.479,242406
2017-01-12,1190.844,1207.138,1190.79,1195.512,147463
2017-01-13,1194.668,1201.897,1187.998,1197.786,167316
2017-01-16,1199.833,1208.87,1198.116,1202.906,75109
2017-01-17,1202.67,1218.944,1202.634,1217.156,168788
2017-01-18,1217.551,1218.287,1202.451,1203.972,121534
2017-01-19,1203.96,1206.777,1195.886,1204.625,184525
2017-01-20,1205.242,1215.071,1198.663,1211.376,186351
2017-01-23,1210.228,1219.632,1209.178,1218.167,152188
2017-01-24,1218.581,1220.524,1206.672,1209.182,99442
2017-01-25,1209.809,1209.904,1193.331,1200.368,108753
2017-01-26,1201.736,1202.76,1184.505,1188.64,104809
2017-01-27,1190.092,1191.836,1180.63,1191.344,103084
2017-01-30,1192.572,1199.555,1188.32,1195.472,84651
2017-01-31,1195.7,1215.456,1193.834,1210.712,149444
2017-02-01,1210.708,1213.29,1198.17,1209.742,123884
2017-02-02,1209.662,1225.388,1208.531,1215.768,130626
2017-02-03,1215.768,1221.497,1206.992,1220.594,167259
2017-02-06,1220.19,1235.71,1219.276,1235.289,99612
2017-02-07,1234.891,1235.92,1227.823,1233.676,86240
2017-02-08,1233.63,1244.858,1230.188,1241.496,86661
2017-02-09,1240.908,1244.642,1224.916,1228.784,109813
2017-02-10,1228.666,1237.194,1221.692,1233.85,115311
2017-02-13,1232.691,1233.036,1219.453,1225.427,60417
2017-02-14,1225.403,1234.606,1221.97,1228.675,114736
2017-02-15,1227.524,1233.632,1216.729,1233.491,84925
2017-02-16,1233.491,1242.482,1232.165,1239.554,84029
2017-02-17,1239.488,1243.914,1234.143,1234.874,57116
2017-02-20,1235.362,1239.101,1232.484,1237.462,31893
2017-02-21,1237.697,1238.968,1226.204,1235.966,53326
2017-02-22,1236.193,1241.315,1231.186,1237.284,88011
2017-02-23,1237.828,1251.19,1235.78,1249.618,83075
2017-02-24,1249.395,1260.188,1247.836,1257.447,55900
2017-02-27,1257.66,1263.984,1250.988,1252.986,71629
2017-02-28,1252.662,1258.527,1247.646,1248.228,273686
2017-03-01,1248.258,1250.774,1236.938,1249.88,601564
2017-03-02,1249.676,1250.291,1230.943,1234.386,584295
2017-03-03,1234.271,1236.464,1222.844,1235.204,506428
2017-03-06,1233.047,1237.03,1224.95,1225.297,242270
2017-03-07,1225.434,1227.36,1214.199,1215.636,195190
2017-03-08,1215.644,1218.675,1206.672,1208.366,209626
2017-03-09,1208.255,1209.134,1199.248,1201.047,260191
2017-03-10,1200.735,1206.47,1194.994,1204.592,353428
2017-03-13,1205.45,1211.322,1202.498,1204.28,191509
2017-03-14,1203.503,1207.78,1197.292,1198.743,195700
2017-03-15,1198.863,1222.156,1197.54,1219.618,406146
2017-03-16,1219.023,1233.9,1218.156,1226.646,271242
2017-03-17,1226.841,1231.819,1224.502,1229.458,224034
2017-03-20,1230.3,1235.672,1229.209,1234.258,223535
2017-03-21,1234.258,1247.711,1226.934,1244.507,442195
2017-03-22,1244.374,1251.456,1243.95,1248.907,436555
2017-03-23,1249.313,1253.402,1242.812,1245.306,430762
2017-03-24,1245.306,1252.028,1240.962,1242.99,245807
2017-03-27,1246.21,1261.126,1246.182,1254.365,188833
2017-03-28,1253.296,1258.473,1247.704,1252.116,181430
2017-03-29,1251.726,1254.833,1247.395,1253.6,165328
2017-03-30,1253.905,1253.973,1242.171,1243.038,226510
2017-03-31,1242.647,1250.72,1239.718,1248.632,274923
2017-04-03,1248.879,1253.844,1244.52,1253.814,232940
2017-04-04,1253.792,1261.414,1253.623,1256.15,241105
2017-04-05,1256.026,1257.443,1243.758,1255.502,348489
2017-04-06,1256.445,1259.064,1249.71,1252.171,232238
2017-04-07,1252.244,1271.094,1250.654,1254.914,450419
2017-04-10,1254.008,1257.218,1247.115,1254.761,162601
2017-04-11,1255.336,1275.324,1253.102,1274.61,229133
2017-04-12,1275.016,1286.976,1271.966,1286.394,257905
2017-04-13,1286.362,1288.643,1281.86,1287.416,203819
2017-04-17,1292.041,1295.676,1281.405,1285.022,176657
2017-04-18,1285.271,1292.475,1278.936,1289.375,177916
2017-04-19,1289.704,1290.893,1273.788,1280.003,181698
2017-04-20,1280.356,1283.56,1276.556,1282.121,190034
2017-04-21,1281.78,1288.38,1278.535,1283.717,173981
2017-04-24,1274.12,1277.551,1265.522,1275.669,269050
2017-04-25,1276.611,1278.265,1261.642,1263.923,169619
2017-04-26,1264.16,1271.006,1259.468,1268.86,241045
2017-04-27,1268.944,1269.738,1260.942,1264.51,156393
2017-04-28,1264.044,1268.794,1263.078,1268.794,208411
2017-05-01,1268.95,1271.301,1254.11,1256.484,234144
2017-05-02,1256.626,1257.922,1251.987,1256.776,220643
2017-05-03,1256.776,1257.107,1235.906,1237.726,319980
2017-05-04,1238.614,1241.38,1225.559,1227.892,252823
2017-05-05,1228.58,1235.758,1226.158,1227.82,224106
2017-05-08,1222.086,1236.628,1221.544,1226.094,169956
2017-05-09,1226.177,1228.758,1214.357,1220.759,162219
2017-05-10,1221.766,1225.791,1217.636,1219.155,140422
2017-05-11,1219.141,1227.833,1217.046,1224.894,136769
2017-05-12,1225.508,1231.85,1224.544,1227.521,139791
2017-05-15,1228.452,1237.42,1226.976,1230.252,141520
2017-05-16,1231.294,1239.248,1230.37,1236.914,137381
2017-05-17,1237.245,1261.576,1236.521,1261.273,330796
2017-05-18,1261.362,1265.159,1246.04,1247.112,401229
2017-05-19,1247.112,1256.561,1246.341,1255.289,211413
2017-05-22,1256.637,1262.653,1251.838,1260.496,162807
2017-05-23,1260.496,1263.95,1250.746,1251.392,223967
2017-05-24,1250.466,1259.088,1247.906,1258.712,263623
2017-05-25,1258.702,1259.804,1253.862,1255.527,189607
2017-05-26,1255.41,1269.543,1253.164,1267.478,196061
2017-05-29,1266.798,1269.272,1265.015,1266.777,66556
2017-05-30,1267.676,1270.645,1259.258,1262.804,154222
2017-05-31,1263.372,1274.254,1259.612,1268.886,160188
2017-06-01,1268.974,1270.462,1261.515,1266.026,151630
2017-06-02,1266.108,1279.677,1259.044,1279.08,215014
2017-06-05,1279.91,1283.548,1277.858,1279.607,111424
2017-06-06,1279.418,1296.2,1279.417,1293.75,199136
2017-06-07,1294.83,1295.353,1282.67,1286.782,189402
2017-06-08,1287.01,1289.098,1271.362,1278.042,239796
2017-06-09,1282.025,1282.054,1264.708,1266.266,255650
2017-06-12,1267.701,1270.42,1263.635,1265.786,176758
2017-06-13,1265.508,1269.04,1258.952,1266.43,141106
2017-06-14,1266.374,1281.42,1257.232,1261.164,439173
2017-06-15,1260.746,1266.834,1251.466,1254.066,226625
2017-06-16,1254.261,1257.27,1251.85,1254.448,137783
2017-06-19,1254.215,1255.828,1243.069,1243.954,151606
2017-06-20,1244.21,1248.246,1241.33,1243.466,142379
2017-06-21,1243.278,1247.953,1240.815,1246.362,153211
2017-06-22,1245.832,1255.082,1245.758,1250.459,157871
2017-06-23,1250.779,1258.949,1249.932,1256.296,133371
2017-06-26,1257.255,1258.272,1235.814,1244.532,246742
2017-06-27,1244.532,1253.322,1241.407,1247.262,207634
2017-06-28,1246.755,1255.135,1246.257,1249.308,234742
2017-06-29,1249.482,1253.314,1239.818,1245.491,252618
2017-06-30,1245.565,1248.37,1239.294,1242.197,205889
2017-07-03,1241.648,1242.917,1218.546,1220.216,215893
2017-07-04,1221.075,1226.665,1220.643,1223.407,98705
2017-07-05,1223.93,1228.945,1217.182,1226.79,230639
2017-07-06,1226.916,1229.859,1222.629,1224.877,200333
2017-07-07,1225.106,1228.704,1207.329,1212.461,271306
2017-07-10,1213.92,1216.197,1204.82,1214.155,160619
2017-07-11,1214.588,1217.646,1208.232,1217.535,186201
2017-07-12,1217.228,1225.927,1213.46,1220.303,237018
2017-07-13,1219.996,1224.591,1216.647,1217.622,173321
2017-07-14,1216.766,1233.068,1214.824,1228.477,222692
2017-07-17,1228.936,1236.101,1228.273,1233.966,152614
2017-07-18,1233.992,1244.672,1232.861,1242.238,186838
2017-07-19,1243.008,1244.16,1235.573,1241.346,144346
2017-07-20,1241.346,1247.654,1235.334,1244.458,210360
2017-07-21,1244.532,1255.826,1243.428,1255.259,160469
2017-07-24,1254.951,1258.898,1251.986,1255.03,154997
2017-07-25,1255.462,1258.034,1249.154,1250.183,172791
2017-07-26,1250.19,1263.594,1243.822,1261.137,296014
2017-07-27,1260.066,1265.47,1254.538,1259.403,304354
2017-07-28,1259.34,1270.966,1257.471,1269.138,273131
2017-07-31,1270.48,1271.256,1265.823,1269.638,163476
2017-08-01,1269.32,1274.149,1262.512,1268.682,251536
2017-08-02,1268.838,1272.947,1262.934,1266.761,230937
2017-08-03,1266.108,1270.957,1256.246,1268.744,247206
2017-08-04,1269.094,1270.48,1254.211,1258.707,307669
2017-08-07,1258.492,1260.048,1255.802,1257.722,143458
2017-08-08,1257.718,1265.352,1251.554,1260.902,244880
2017-08-09,1261.34,1278.87,1260.803,1277.287,326926
2017-08-10,1277.41,1287.934,1274.664,1286.388,312626
2017-08-11,1286.982,1292.548,1281.174,1288.9,336270
2017-08-14,1289.748,1290.174,1278.654,1281.926,245354
2017-08-15,1281.61,1282.235,1267.314,1271.225,267649
2017-08-16,1271.358,1283.98,1267.718,1282.95,301051
2017-08-17,1283.571,1290.272,1281.21,1288.024,385733
2017-08-18,1288.157,1300.98,1283.48,1285.06,501787
2017-08-21,1283.426,1294.086,1280.594,1291.85,282227
2017-08-22,1291.65,1292.724,1282.029,1285.002,239563
2017-08-23,1285.363,1291.606,1282.806,1290.86,224679
2017-08-24,1290.412,1291.322,1284.47,1287.034,229532
2017-08-25,1286.366,1295.153,1276.171,1291.444,453248
2017-08-28,1292.736,1312.228,1291.888,1310.139,309949
2017-08-29,1315.612,1326.115,1305.048,1309.406,603549
2017-08-30,1309.542,1313.884,1304.65,1308.926,341747
2017-08-31,1308.926,1323.706,1297.876,1321.303,437121
2017-09-01,1322.102,1329.053,1316.432,1324.381,530552
2017-09-04,1338.345,1340.043,1331.856,1334.536,287221
2017-09-05,1335.116,1344.482,1325.75,1339.578,518664
2017-09-06,1339.702,1342.594,1331.64,1334.062,476540
2017-09-07,1334.604,1349.98,1332.584,1349.538,608776
2017-09-08,1349.25,1357.694,1342.78,1347.16,543202
2017-09-11,1334.578,1340.278,1326.448,1327.783,385912
2017-09-12,1328.169,1332.232,1322.65,1331.805,371789
2017-09-13,1333.013,1334.985,1320.85,1323.458,357986
2017-09-14,1323.868,1330.896,1315.674,1329.337,508815
2017-09-15,1329.748,1334.49,1319.744,1320.426,458807
2017-09-18,1319.598,1320.128,1304.672,1307.292,275604
2017-09-19,1308.1,1311.798,1305.177,1311.056,333934
2017-09-20,1311.552,1316.29,1296.045,1301.282,531395
2017-09-21,1301.156,1301.985,1288.142,1291.33,394879
2017-09-22,1291.582,1298.873,1291.196,1297.873,315578
2017-09-25,1297.957,1312.5,1289.111,1309.985,411782
2017-09-26,1310.296,1313.814,1291.768,1293.596,430423
2017-09-27,1293.964,1296.358,1281.482,1283.393,394365
2017-09-28,1283.142,1288.866,1277.724,1287.436,362708
2017-09-29,1287.103,1290.534,1275.596,1280.593,380888
2017-10-02,1279.94,1280.337,1269.461,1271.35,302379
2017-10-03,1271.48,1274.849,1268.348,1271.693,245461
2017-10-04,1271.903,1282.314,1270.601,1274.603,304702
2017-10-05,1274.792,1279.108,1266.016,1268.112,268551
2017-10-06,1268.654,1277.118,1260.6,1276.915,424616
2017-10-09,1276.452,1285.618,1275.33,1284.08,243857
2017-10-10,1284.107,1294.34,1282.148,1287.719,385294
2017-10-11,1288.154,1293.643,1284.599,1291.748,375616
2017-10-12,1292.3,1297.578,1289.604,1293.463,334153
2017-10-13,1293.962,1304.299,1290.914,1303.287,422936
2017-10-16,1303.946,1306.144,1290.437,1294.954,302848
2017-10-17,1295.306,1296.418,1281.363,1285.019,339140
2017-10-18,1284.965,1288.922,1277.002,1281.254,319029
2017-10-19,1281.316,1291.08,1276.5,1289.6,407972
2017-10-20,1289.711,1291.223,1278.032,1280.843,377369
2017-10-23,1278.468,1283.41,1272.555,1282.196,344067
2017-10-24,1282.315,1283.786,1273.742,1276.656,384458
2017-10-25,1277.31,1280.106,1271.02,1277.36,497311
2017-10-26,1277.494,1282.668,1265.794,1267.046,483843
2017-10-27,1267.984,1274.717,1263.575,1273.619,445020
2017-10-30,1273.705,1278.942,1269.002,1276.463,309498
2017-10-31,1276.515,1278.259,1267.776,1271.21,294393
2017-11-01,1271.042,1280.979,1267.98,1274.778,468091
2017-11-02,1274.966,1284.274,1273.314,1275.821,474667
2017-11-03,1276.91,1280.614,1265.536,1270.092,370497
2017-11-06,1270.175,1283.112,1266.073,1281.733,340191
2017-11-07,1281.699,1282.078,1271.936,1275.078,309326
2017-11-08,1276.018,1287.312,1275.723,1281.718,336306
2017-11-09,1281.805,1288.748,1279.976,1285.318,464224
2017-11-10,1285.346,1287.195,1273.39,1274.906,374109
2017-11-13,1274.973,1279.901,1274.294,1278.259,293802
2017-11-14,1278.564,1283.716,1270.016,1279.928,368056
2017-11-15,1279.589,1289.722,1276.694,1278.014,520028
2017-11-16,1278.352,1281.885,1275.13,1278.908,329022
2017-11-17,1278.908,1297.082,1278.242,1293.843,442941
2017-11-20,1292.832,1294.988,1274.514,1276.798,485624
2017-11-21,1276.82,1284.836,1276.274,1280.346,343732
2017-11-22,1280.858,1294.728,1279.078,1292.117,378138
2017-11-23,1292.357,1293.732,1287.03,1291.268,175968
2017-11-24,1291.806,1293.363,1285.501,1288.398,282003
2017-11-27,1289.236,1299.33,1286.774,1294.255,331802
2017-11-28,1294.878,1297.582,1290.683,1293.771,344156
2017-11-29,1293.882,1296.759,1282.042,1283.873,465141
2017-11-30,1284.005,1285.382,1270.31,1274.896,309757
2017-12-01,1274.908,1289.308,1271.726,1280.135,639994
2017-12-04,1274.36,1277.7,1270.939,1276.018,348502
2017-12-05,1276.434,1277.2,1260.948,1265.677,359063
2017-12-06,1266.368,1269.346,1262.602,1263.396,330616
2017-12-07,1263.531,1264.637,1243.944,1247.27,339161
2017-12-08,1247.905,1252.478,1243.604,1247.832,347455
2017-12-11,1247.782,1251.554,1240.736,1241.842,234247
2017-12-12,1241.734,1246.342,1236.549,1244.274,208705
2017-12-13,1244.184,1257.226,1240.316,1255.304,391403
2017-12-14,1255.75,1259.203,1250.518,1252.88,307876
2017-12-15,1253.269,1261.914,1252.773,1254.671,272870
2017-12-18,1255.685,1264.124,1252.808,1262.251,252349
2017-12-19,1261.919,1265.408,1259.236,1261.595,251799
2017-12-20,1261.912,1268.018,1261.484,1265.522,297002
2017-12-21,1265.436,1269.116,1262.81,1266.632,244021
2017-12-22,1266.596,1276.304,1265.026,1274.097,238264
2017-12-26,1274.88,1283.898,1273.388,1282.764,201929
2017-12-27,1283.672,1289.058,1281.282,1287.172,236124
2017-12-28,1287.41,1295.316,1286.984,1295.192,275544
2017-12-29,1294.719,1307.674,1293.875,1303.819,235091
2018-01-02,1302.836,1319.046,1302.788,1317.774,227008
2018-01-03,1317.68,1321.674,1307.411,1313.084,270811
2018-01-04,1312.655,1326.141,1305.911,1322.838,283811
2018-01-05,1322.842,1323.521,1313.682,1320.348,282214
2018-01-08,1321.029,1322.256,1314.816,1320.532,189990
2018-01-09,1320.312,1320.598,1308.854,1312.895,276391
2018-01-10,1312.266,1327.886,1308.224,1316.861,409844
2018-01-11,1317.128,1324.128,1315.738,1322.678,297342
2018-01-12,1322.678,1339.478,1321.502,1338.11,360837
2018-01-15,1336.767,1344.891,1335.976,1340.832,229599
2018-01-16,1340.494,1342.444,1331.884,1338.562,313007
2018-01-17,1338.738,1344.038,1326.032,1326.791,383641
2018-01-18,1327.304,1333.237,1324.274,1327.495,352969
2018-01-19,1327.226,1338.171,1326.339,1331.225,327199
2018-01-22,1335.18,1335.837,1328.421,1334.117,286406
2018-01-23,1333.986,1341.918,1331.446,1341.068,344677
2018-01-24,1341.497,1362.236,1339.556,1358.434,410045
2018-01-25,1357.398,1366.155,1342.426,1348.45,742237
2018-01-26,1346.804,1357.233,1344.56,1350.26,575515
2018-01-29,1350.03,1352.519,1337.64,1340.876,517307
2018-01-30,1340.308,1349.067,1334.472,1338.36,510956
2018-01-31,1338.765,1347.655,1332.348,1345.271,553195
2018-02-01,1344.937,1351.152,1337.284,1349.695,472417
2018-02-02,1348.779,1350.207,1327.47,1333.554,657362
2018-02-05,1331.764,1341.786,1329.022,1339.758,799540
2018-02-06,1339.943,1346.278,1320.254,1324.082,1334270
2018-02-07,1323.982,1332.431,1311.378,1318.55,822507
2018-02-08,1317.888,1322.34,1307.079,1318.58,742984
2018-02-09,1318.505,1322.864,1311.168,1315.993,799725
2018-02-12,1315.588,1327.198,1314.216,1322.853,387890
2018-02-13,1322.554,1331.182,1321.631,1329.182,409413
2018-02-14,1329.453,1355.596,1317.527,1350.83,925736
2018-02-15,1350.248,1357.213,1348.588,1352.556,449552
2018-02-16,1354.354,1361.866,1344.816,1348.213,640632
2018-02-19,1347.56,1351.488,1345.819,1346.514,246913
2018-02-20,1346.524,1348.412,1328.526,1329.542,575675
2018-02-21,1329.112,1336.374,1322.418,1324.736,730457
2018-02-22,1324.265,1332.465,1320.971,1331.276,534879
2018-02-23,1331.71,1332.346,1325.836,1329.623,393779
2018-02-26,1327.768,1341.168,1326.599,1333.014,490928
2018-02-27,1332.92,1336.899,1313.445,1318.791,646853
2018-02-28,1318.016,1322.648,1315.66,1318.532,501798
2018-03-01,1319.319,1321.274,1302.796,1317.108,842833
2018-03-02,1317.4,1325.588,1315.26,1322.538,570694
2018-03-05,1323.86,1327.87,1317.602,1319.795,528590
2018-03-06,1320.4,1338.55,1319.907,1334.528,638829
2018-03-07,1338.227,1340.72,1322.169,1325.494,637688
2018-03-08,1325.494,1329.149,1319.081,1322.013,580981
2018-03-09,1321.787,1325.258,1312.84,1323.054,697985
2018-03-12,1324.064,1324.437,1315.096,1323.352,392861
2018-03-13,1323.179,1328.45,1313.724,1326.373,614314
2018-03-14,1326.373,1330.17,1321.466,1325.522,442115
2018-03-15,1324.914,1328.044,1314.978,1316.728,486068
2018-03-16,1316.628,1321.86,1309.662,1313.296,462866
2018-03-19,1313.884,1319.734,1307.752,1316.942,442481
2018-03-20,1316.882,1318.383,1307.19,1311.329,357458
2018-03-21,1310.934,1336.824,1309.852,1332.444,660927
2018-03-22,1331.514,1335.063,1324.796,1328.986,495778
2018-03-23,1329.344,1350.378,1329.016,1347.997,606756
2018-03-26,1347.4,1356.023,1343.49,1353.314,418943
2018-03-27,1353.497,1357.013,1339.848,1345.586,474468
2018-03-28,1344.841,1347.156,1323.447,1325.23,584532
2018-03-29,1324.787,1328.462,1321.248,1325.612,375290
2018-04-02,1326.433,1345.012,1324.828,1341.705,440751
2018-04-03,1340.797,1342.64,1328.905,1332.946,420052
2018-04-04,1333.083,1348.298,1331.552,1333.224,574882
2018-04-05,1333.296,1334.98,1322.757,1326.76,434906
2018-04-06,1326.578,1335.618,1319.546,1333.066,707391
2018-04-09,1334.551,1338.114,1326.906,1336.453,464218
2018-04-10,1336.062,1342.758,1331.09,1339.895,518748
2018-04-11,1339.611,1365.41,1339.062,1353.192,660005
2018-04-12,1353.098,1353.267,1333.771,1335.3,641067
2018-04-13,1334.947,1347.31,1333.451,1345.899,476216
2018-04-16,1346.255,1350.613,1340.19,1345.816,448105
2018-04-17,1346.003,1349.52,1337.711,1347.325,447354
2018-04-18,1347.412,1355.816,1342.309,1349.564,541424
2018-04-19,1349.606,1354.826,1340.968,1345.904,606263
2018-04-20,1345.798,1346.41,1334.993,1336.654,432420
2018-04-23,1334.745,1335.648,1322.094,1324.57,452924
2018-04-24,1324.491,1332.843,1322.067,1330.95,465989
2018-04-25,1330.241,1332.204,1318.756,1322.359,390292
2018-04-26,1323.127,1326.716,1315.276,1317.16,471206
2018-04-27,1317.228,1325.39,1315.392,1324.2,334810
2018-04-30,1322.858,1325.038,1310.2,1316.081,417959
2018-05-01,1315.136,1316.494,1301.734,1304.306,388288
2018-05-02,1304.327,1313.734,1303.893,1305.04,566644
2018-05-03,1304.758,1318.262,1304.568,1312.436,498472
2018-05-04,1312.334,1315.839,1307.947,1315.495,504748
2018-05-07,1314.239,1319.132,1310.233,1314.457,349861
2018-05-08,1313.932,1318.045,1306.094,1314.648,548838
2018-05-09,1314.638,1317.506,1304.23,1312.814,538952
2018-05-10,1312.864,1323.194,1310.777,1321.51,558111
2018-05-11,1321.336,1326.052,1317.102,1318.149,362833
2018-05-14,1318.424,1322.45,1312.977,1313.322,316186
2018-05-15,1313.366,1315.0,1288.712,1290.528,543915
2018-05-16,1290.138,1297.022,1286.374,1290.815,437012
2018-05-17,1290.692,1294.543,1284.918,1290.816,391092
2018-05-18,1290.612,1294.308,1286.08,1293.154,340053
2018-05-21,1290.696,1293.25,1282.031,1292.662,322750
2018-05-22,1292.904,1296.642,1287.951,1291.158,328472
2018-05-23,1291.386,1299.026,1287.93,1293.677,571161
2018-05-24,1293.973,1306.712,1292.76,1304.948,466433
2018-05-25,1304.342,1307.897,1299.902,1301.458,461709
2018-05-28,1299.315,1300.531,1295.492,1298.021,300818
2018-05-29,1298.083,1306.72,1292.874,1298.958,785921
2018-05-30,1299.144,1304.522,1295.888,1301.114,572744
2018-05-31,1301.76,1306.835,1296.962,1299.003,500670
2018-06-01,1299.003,1300.752,1289.464,1294.271,461816
2018-06-04,1292.883,1298.19,1290.18,1291.833,314693
2018-06-05,1292.394,1300.638,1289.774,1296.031,335745
2018-06-06,1296.506,1301.942,1293.828,1296.528,357500
2018-06-07,1296.82,1303.353,1294.856,1297.182,397966
2018-06-08,1296.909,1300.681,1292.676,1299.705,379739
2018-06-11,1300.495,1302.813,1294.142,1299.77,276488
2018-06-12,1300.534,1300.758,1292.859,1296.266,351901
2018-06-13,1296.34,1301.374,1291.535,1299.4,390394
2018-06-14,1299.952,1309.447,1297.566,1302.742,477268
2018-06-15,1302.166,1303.253,1275.43,1279.115,576688
2018-06-18,1278.1,1282.526,1277.04,1278.504,249841
2018-06-19,1278.23,1284.187,1270.435,1274.623,384193
2018-06-20,1274.693,1276.591,1267.418,1267.96,324416
2018-06-21,1268.132,1270.239,1261.24,1266.963,379602
2018-06-22,1267.253,1271.512,1266.761,1270.496,256059
2018-06-25,1270.76,1272.736,1264.445,1265.36,306252
2018-06-26,1266.368,1267.814,1254.765,1258.635,317233
2018-06-27,1259.08,1260.18,1250.708,1252.644,429350
2018-06-28,1252.134,1254.404,1246.002,1248.536,376263
2018-06-29,1248.281,1255.738,1246.008,1253.513,374245
2018-07-02,1251.377,1254.334,1239.703,1241.827,321155
2018-07-03,1241.606,1256.968,1237.953,1252.26,354799
2018-07-04,1252.7,1261.192,1252.043,1256.761,256549
2018-07-05,1257.276,1259.872,1251.316,1257.259,353408
2018-07-06,1257.62,1259.581,1252.83,1254.816,344739
2018-07-09,1256.012,1265.963,1254.831,1257.876,278217
2018-07-10,1257.588,1260.464,1247.356,1255.92,330138
2018-07-11,1255.925,1257.064,1241.576,1242.061,433750
2018-07-12,1242.081,1248.688,1241.342,1246.854,319905
2018-07-13,1247.492,1248.214,1236.396,1241.18,313210
2018-07-16,1240.816,1245.672,1238.354,1240.93,183789
2018-07-17,1240.904,1245.085,1226.08,1228.34,302174
2018-07-18,1227.442,1229.271,1221.09,1227.624,232216
2018-07-19,1227.48,1229.512,1211.392,1223.24,451033
2018-07-20,1223.683,1232.382,1215.636,1231.755,453309
2018-07-23,1231.845,1235.262,1222.24,1224.76,332058
2018-07-24,1224.407,1229.624,1218.134,1224.354,315477
2018-07-25,1224.331,1234.29,1223.285,1232.298,350831
2018-07-26,1231.742,1235.316,1222.284,1222.946,355089
2018-07-27,1222.946,1227.526,1217.582,1223.926,280892
2018-07-30,1223.12,1225.184,1219.041,1221.912,137980
2018-07-31,1222.212,1228.682,1214.002,1224.072,298120
2018-08-01,1223.752,1224.965,1215.541,1216.122,211932
2018-08-02,1216.238,1221.286,1206.87,1208.138,201997
2018-08-03,1208.561,1220.114,1204.447,1213.379,256329
2018-08-06,1214.164,1217.996,1206.106,1207.172,191664
2018-08-07,1207.424,1216.26,1207.424,1210.908,188822
2018-08-08,1211.068,1215.991,1206.35,1213.487,211477
2018-08-09,1213.84,1217.414,1210.752,1212.065,242581
2018-08-10,1212.458,1217.192,1205.763,1212.019,442626
2018-08-13,1210.844,1213.988,1191.546,1194.367,390039
2018-08-14,1193.94,1198.834,1191.96,1194.263,277816
2018-08-15,1194.628,1194.847,1173.1,1174.668,363711
2018-08-16,1175.214,1182.195,1160.208,1174.108,525574
2018-08-17,1173.678,1185.23,1171.882,1185.202,333846
2018-08-20,1183.23,1190.965,1182.708,1190.254,232205
2018-08-21,1190.486,1197.337,1187.7,1195.878,254015
2018-08-22,1196.578,1201.715,1192.586,1195.873,264768
2018-08-23,1196.21,1196.761,1183.868,1185.341,238021
2018-08-24,1185.53,1208.743,1183.15,1206.311,280237
2018-08-27,1207.078,1212.526,1203.178,1211.198,177711
2018-08-28,1211.889,1214.4,1199.651,1200.891,216680
2018-08-29,1201.128,1207.352,1200.767,1206.605,214201
2018-08-30,1206.492,1207.976,1195.945,1200.255,257204
2018-08-31,1200.257,1208.958,1198.244,1200.555,303727
2018-09-03,1201.234,1204.002,1195.651,1201.318,133014
2018-09-04,1201.221,1202.289,1189.541,1191.55,225151
2018-09-05,1191.295,1198.494,1190.949,1195.955,199319
2018-09-06,1196.766,1207.099,1195.696,1200.444,266453
2018-09-07,1199.87,1203.64,1193.466,1197.0,330729
2018-09-10,1196.097,1198.599,1191.4,1195.672,177984
2018-09-11,1195.239,1199.698,1187.79,1198.946,199301
2018-09-12,1198.422,1208.584,1192.704,1206.345,257650
2018-09-13,1207.002,1212.75,1200.172,1201.402,355649
2018-09-14,1201.867,1208.664,1192.92,1193.548,244648
2018-09-17,1193.761,1204.93,1192.832,1201.155,180787
2018-09-18,1202.042,1203.629,1195.896,1198.721,242259
2018-09-19,1197.892,1206.298,1197.646,1203.88,210888
2018-09-20,1203.668,1208.558,1201.241,1207.275,230262
2018-09-21,1207.002,1211.154,1191.918,1198.879,329527
2018-09-24,1200.034,1204.218,1194.46,1198.782,183479
2018-09-25,1198.782,1203.444,1197.102,1200.912,189257
2018-09-26,1200.969,1202.583,1190.484,1194.279,352170
2018-09-27,1194.58,1198.718,1181.912,1183.128,299511
2018-09-28,1182.742,1193.998,1180.704,1192.268,218175
2018-10-01,1192.708,1192.708,1184.611,1188.854,192294
2018-10-02,1188.688,1208.337,1188.482,1202.95,297108
2018-10-03,1203.616,1208.406,1196.512,1197.204,258623
2018-10-04,1197.816,1206.884,1195.988,1199.806,295428
2018-10-05,1199.766,1205.916,1197.282,1202.782,327538
2018-10-08,1202.948,1204.192,1182.868,1187.881,282273
2018-10-09,1188.641,1192.058,1183.286,1189.574,215474
2018-10-10,1189.464,1195.095,1185.392,1194.038,218703
2018-10-11,1194.572,1226.486,1191.289,1224.024,771896
2018-10-12,1224.139,1224.277,1215.885,1218.137,313202
2018-10-15,1217.944,1233.352,1216.843,1227.21,269812
2018-10-16,1227.3,1232.542,1223.406,1224.486,209128
2018-10-17,1224.044,1229.605,1220.688,1222.346,231976
2018-10-18,1221.606,1230.256,1218.724,1225.78,308936
2018-10-19,1225.814,1230.941,1223.111,1226.182,234627
2018-10-22,1227.54,1229.686,1220.074,1222.284,203215
2018-10-23,1222.138,1239.878,1221.754,1230.4,292205
2018-10-24,1230.67,1234.871,1225.614,1233.933,219176
2018-10-25,1234.302,1239.326,1228.13,1232.412,313253
2018-10-26,1232.294,1243.554,1230.11,1233.902,456857
2018-10-29,1233.785,1235.522,1224.345,1229.628,280852
2018-10-30,1229.449,1230.704,1219.895,1223.048,278106
2018-10-31,1222.88,1223.438,1211.954,1214.732,244112
2018-11-01,1215.272,1237.487,1214.678,1233.127,330599
2018-11-02,1233.858,1236.544,1229.766,1233.588,331028
2018-11-05,1233.214,1235.264,1226.846,1232.033,188570
2018-11-06,1230.744,1236.014,1223.516,1227.22,194829
2018-11-07,1227.421,1236.964,1223.009,1226.803,369744
2018-11-08,1226.222,1227.319,1220.164,1223.396,262180
2018-11-09,1223.749,1223.992,1206.74,1209.296,283961
2018-11-12,1209.638,1211.6,1200.104,1200.432,183625
2018-11-13,1200.426,1205.308,1196.35,1202.024,273960
2018-11-14,1202.598,1216.692,1197.756,1211.122,397108
2018-11-15,1210.95,1216.589,1207.628,1213.158,336011
2018-11-16,1213.537,1225.408,1213.166,1222.272,285365
2018-11-19,1222.694,1225.45,1218.023,1223.9,185385
2018-11-20,1224.224,1228.878,1220.033,1221.738,260473
2018-11-21,1221.738,1230.106,1219.786,1225.896,209483
2018-11-22,1226.135,1229.177,1224.913,1227.376,110954
2018-11-23,1227.678,1228.706,1220.256,1223.146,164601
2018-11-26,1223.713,1228.172,1221.76,1222.156,167819
2018-11-27,1222.111,1225.364,1211.958,1215.492,269665
2018-11-28,1215.0,1226.684,1211.206,1221.097,320431
2018-11-29,1221.097,1229.12,1220.548,1224.44,227707
2018-11-30,1224.118,1225.594,1216.706,1222.547,187296
2018-12-03,1222.145,1235.125,1221.302,1230.232,250816
2018-12-04,1230.789,1242.068,1230.539,1238.64,232973
2018-12-05,1239.172,1239.442,1233.364,1236.794,117368
2018-12-06,1237.202,1244.426,1234.807,1238.062,257014
2018-12-07,1237.642,1250.15,1237.35,1247.538,300406
2018-12-10,1249.784,1251.28,1241.643,1244.258,222280
2018-12-11,1244.481,1249.656,1241.09,1242.929,203735
2018-12-12,1243.266,1247.316,1242.01,1245.903,167027
2018-12-13,1246.112,1246.853,1240.128,1241.77,192858
2018-12-14,1242.036,1243.14,1232.921,1238.127,238623
2018-12-17,1239.126,1248.202,1235.702,1246.084,181580
2018-12-18,1245.928,1250.48,1245.098,1249.248,163192
2018-12-19,1250.094,1258.181,1241.76,1243.148,399279
2018-12-20,1243.248,1266.572,1242.768,1259.778,367590
2018-12-21,1260.308,1262.818,1253.993,1256.476,235776
2018-12-24,1258.009,1270.452,1257.687,1269.212,205075
2018-12-25,1269.799,1269.799,1269.799,1269.799,2
2018-12-26,1269.702,1279.134,1264.364,1267.018,326870
2018-12-27,1266.426,1278.998,1266.426,1275.764,342567
2018-12-28,1275.66,1282.237,1274.28,1281.309,267691
2018-12-31,1280.329,1284.186,1277.468,1282.06,202970
2019-01-02,1282.645,1288.837,1278.775,1284.136,213134
2019-01-03,1284.868,1295.014,1284.657,1293.996,329830
2019-01-04,1294.064,1298.609,1276.614,1284.512,390235
2019-01-07,1285.844,1295.349,1282.682,1289.312,204790
2019-01-08,1288.605,1290.282,1279.418,1285.412,164107
2019-01-09,1285.004,1293.949,1280.148,1293.414,256584
2019-01-10,1293.662,1297.194,1286.162,1286.35,213735
2019-01-11,1287.03,1295.25,1286.274,1287.137,196968
2019-01-14,1287.081,1295.972,1286.98,1291.588,178843
2019-01-15,1291.644,1294.75,1286.736,1289.22,236679
2019-01-16,1289.948,1295.235,1287.923,1293.559,165923
2019-01-17,1294.24,1295.428,1288.746,1291.901,193287
2019-01-18,1292.388,1292.654,1280.674,1282.118,172405
2019-01-21,1281.48,1283.666,1276.79,1280.357,68452
2019-01-22,1279.728,1285.724,1277.474,1285.224,129356
2019-01-23,1285.308,1286.639,1278.713,1282.968,134511
2019-01-24,1282.895,1284.9,1276.784,1280.853,202863
2019-01-25,1281.022,1304.602,1279.993,1302.731,199481
2019-01-28,1303.462,1304.534,1297.602,1303.082,138117
2019-01-29,1303.233,1312.087,1302.774,1311.139,186945
2019-01-30,1311.904,1323.378,1309.164,1319.82,86185
2019-01-31,1320.242,1326.281,1317.539,1321.298,13393
2019-02-01,1321.298,1323.582,1316.244,1317.798,12899
2019-02-04,1318.154,1319.15,1308.711,1311.714,9256
2019-02-05,1312.368,1316.927,1310.827,1315.177,8944
2019-02-06,1315.246,1315.892,1305.852,1306.508,8756
2019-02-07,1307.078,1311.994,1302.887,1310.3,10771
2019-02-08,1310.122,1315.656,1307.904,1314.12,8790
2019-02-11,1314.115,1314.884,1303.771,1308.088,10007
2019-02-12,1308.248,1314.807,1306.58,1310.737,9155
2019-02-13,1310.99,1318.204,1305.153,1306.336,11578
2019-02-14,1305.945,1314.42,1302.449,1312.239,14567
2019-02-15,1312.636,1322.543,1311.491,1321.009,12147
2019-02-18,1321.101,1327.582,1320.61,1326.488,5907
2019-02-19,1326.385,1341.9,1323.008,1340.984,12181
2019-02-20,1340.544,1346.733,1337.064,1338.486,15243
2019-02-21,1338.75,1341.564,1321.215,1323.328,15925
2019-02-22,1323.932,1333.12,1321.692,1328.046,12739
2019-02-25,1329.146,1332.616,1325.208,1327.536,11936
2019-02-26,1327.536,1330.249,1323.579,1328.988,11670
2019-02-27,1328.725,1329.935,1316.962,1320.052,12306
2019-02-28,1319.892,1327.342,1312.73,1312.97,14072
2019-03-01,1313.75,1315.256,1290.324,1293.288,17469
2019-03-04,1293.558,1297.096,1282.932,1286.651,14870
2019-03-05,1286.987,1289.66,1281.252,1287.934,12506
2019-03-06,1287.658,1291.013,1283.712,1286.061,11552
2019-03-07,1286.155,1289.072,1280.92,1285.522,14529
2019-03-08,1286.118,1300.804,1285.277,1299.118,15497
2019-03-11,1298.016,1299.172,1290.541,1293.532,9701
2019-03-12,1293.854,1302.244,1292.126,1301.349,10561
2019-03-13,1301.63,1311.294,1300.69,1309.265,9687
2019-03-14,1309.101,1310.42,1292.946,1296.408,11592
2019-03-15,1296.19,1306.453,1294.22,1302.48,11449
2019-03-18,1301.93,1306.78,1298.329,1303.722,9073
2019-03-19,1303.655,1310.924,1302.398,1306.481,9216
2019-03-20,1305.78,1317.002,1298.78,1312.333,18605
2019-03-21,1313.04,1320.42,1303.318,1309.271,14665
2019-03-22,1309.518,1314.977,1306.94,1313.66,15330
2019-03-25,1313.876,1324.541,1311.1,1321.868,12208
2019-03-26,1321.918,1323.321,1312.799,1315.506,13255
2019-03-27,1316.106,1319.359,1308.23,1309.826,17513
2019-03-28,1309.519,1312.386,1288.762,1290.39,16957
2019-03-29,1290.55,1299.816,1286.818,1292.579,15554
2019-04-01,1292.296,1297.08,1286.58,1287.734,14994
2019-04-02,1287.79,1292.48,1285.372,1292.261,10641
2019-04-03,1292.261,1294.534,1288.494,1289.87,10482
2019-04-04,1290.106,1294.419,1281.018,1291.834,12297
2019-04-05,1292.504,1293.662,1284.498,1291.708,13515
2019-04-08,1291.794,1303.764,1291.53,1297.547,9859
2019-04-09,1297.711,1306.222,1296.654,1304.028,10730
2019-04-10,1304.415,1310.622,1301.053,1307.964,11958
2019-04-11,1308.358,1309.27,1289.744,1292.808,13657
2019-04-12,1292.684,1295.832,1290.124,1290.183,10717
2019-04-15,1291.228,1292.06,1282.711,1288.028,10570
2019-04-16,1287.874,1288.758,1273.019,1276.796,12858
2019-04-17,1276.796,1279.831,1273.15,1274.13,10263
2019-04-18,1273.895,1277.712,1271.261,1275.687,10821
2019-04-22,1275.848,1279.881,1273.909,1275.02,7716
2019-04-23,1275.184,1276.516,1266.376,1272.19,10144
2019-04-24,1272.285,1278.563,1268.86,1275.61,10224
2019-04-25,1276.222,1282.61,1273.478,1277.17,11050
2019-04-26,1277.408,1288.71,1274.426,1286.154,12647
2019-04-29,1286.367,1286.742,1278.181,1279.953,8527
2019-04-30,1279.92,1286.169,1279.827,1283.5,10955
2019-05-01,1283.364,1287.236,1273.012,1276.843,17889
2019-05-02,1276.923,1278.078,1266.386,1270.653,12382
2019-05-03,1270.712,1282.522,1268.454,1279.004,13658
2019-05-06,1280.814,1285.861,1277.132,1280.504,15141
2019-05-07,1281.098,1286.128,1278.262,1284.35,11825
2019-05-08,1284.559,1291.504,1279.469,1281.068,12709
2019-05-09,1280.75,1288.196,1279.709,1283.972,14612
2019-05-10,1284.62,1289.446,1283.254,1285.97,14023
2019-05-13,1287.56,1301.356,1282.072,1299.705,13943
2019-05-14,1300.135,1303.364,1293.908,1296.98,9660
2019-05-15,1297.18,1300.924,1293.106,1296.394,11693
2019-05-16,1296.598,1298.763,1284.15,1286.782,11238
2019-05-17,1286.782,1288.988,1274.944,1277.532,10949
2019-05-20,1277.845,1279.046,1273.719,1277.53,10132
2019-05-21,1277.773,1277.982,1269.63,1274.764,8640
2019-05-22,1274.764,1277.354,1272.585,1273.43,7453
2019-05-23,1273.584,1287.338,1272.913,1283.63,12932
2019-05-24,1283.63,1285.274,1280.842,1284.63,9053
2019-05-27,1284.865,1287.451,1283.893,1285.299,3116
2019-05-28,1285.458,1286.672,1276.216,1279.295,10774
2019-05-29,1279.549,1285.554,1279.206,1280.201,13502
2019-05-30,1280.15,1289.268,1275.118,1288.068,11689
2019-05-31,1288.47,1306.898,1288.102,1305.276,15965
2019-06-03,1306.203,1328.036,1306.053,1324.762,17712
2019-06-04,1325.165,1329.093,1320.06,1325.306,17840
2019-06-05,1325.389,1344.136,1324.627,1330.264,26056
2019-06-06,1331.392,1339.798,1327.311,1335.482,20440
2019-06-07,1335.58,1348.207,1330.372,1340.44,20554
2019-06-10,1336.47,1337.797,1325.215,1328.012,15489
2019-06-11,1327.956,1329.913,1319.999,1326.846,12763
2019-06-12,1326.888,1338.422,1326.111,1333.489,17061
2019-06-13,1333.489,1343.183,1332.46,1341.982,14639
2019-06-14,1342.404,1358.227,1337.996,1342.016,24988
2019-06-17,1342.048,1343.592,1333.138,1339.632,17329
2019-06-18,1340.174,1354.623,1338.735,1346.749,27861
2019-06-19,1346.704,1362.602,1341.428,1360.24,31632
2019-06-20,1360.782,1394.253,1357.766,1388.284,50088
2019-06-21,1387.896,1411.95,1382.58,1399.427,53565
2019-06-24,1400.109,1421.516,1399.954,1419.664,36372
2019-06-25,1419.452,1439.323,1412.112,1423.512,70340
2019-06-26,1424.192,1424.48,1401.992,1408.99,51467
2019-06-27,1409.317,1412.119,1398.743,1410.003,32202
2019-06-28,1410.192,1424.689,1405.808,1409.41,32795
2019-07-01,1397.623,1398.907,1381.896,1384.204,40122
2019-07-02,1383.614,1421.189,1383.432,1418.188,33422
2019-07-03,1420.153,1437.8,1412.152,1418.673,54134
2019-07-04,1419.608,1421.752,1410.301,1415.324,17714
2019-07-05,1416.818,1424.296,1386.698,1399.431,45629
2019-07-08,1401.034,1407.65,1391.884,1395.284,27873
2019-07-09,1395.364,1400.09,1385.87,1397.545,24003
2019-07-10,1398.226,1418.955,1390.038,1418.902,35644
2019-07-11,1418.777,1427.203,1401.063,1403.593,34594
2019-07-12,1404.276,1416.952,1403.225,1415.611,23916
2019-07-15,1415.216,1419.783,1407.829,1413.981,22049
2019-07-16,1415.204,1418.384,1400.792,1405.858,27697
2019-07-17,1406.648,1426.896,1400.201,1426.118,22693
2019-07-18,1427.795,1448.033,1414.774,1446.04,41338
2019-07-19,1447.364,1452.983,1420.34,1425.58,48136
2019-07-22,1427.533,1429.997,1422.306,1424.785,23268
2019-07-23,1425.211,1430.168,1414.302,1417.466,26680
2019-07-24,1417.969,1429.559,1416.591,1425.506,20146
2019-07-25,1425.779,1433.855,1411.206,1414.488,30771
2019-07-26,1414.26,1424.894,1413.537,1418.638,18354
2019-07-29,1419.251,1428.104,1414.948,1427.056,14679
2019-07-30,1426.866,1433.287,1422.396,1430.874,17951
2019-07-31,1431.136,1434.552,1410.634,1412.76,46088
2019-08-01,1412.462,1446.07,1400.588,1444.918,53804
2019-08-02,1444.533,1448.998,1430.384,1440.959,61751
2019-08-05,1441.002,1469.821,1436.794,1463.88,60521
2019-08-06,1468.354,1474.863,1456.491,1474.081,48087
2019-08-07,1474.002,1510.452,1472.368,1501.308,78080
2019-08-08,1500.41,1509.609,1490.096,1501.318,55146
2019-08-09,1505.987,1509.15,1494.868,1496.717,44165
2019-08-12,1497.72,1520.0,1487.461,1511.189,39971
2019-08-13,1511.078,1535.095,1479.99,1501.334,80830
2019-08-14,1501.75,1524.114,1494.288,1516.948,75209
2019-08-15,1516.609,1527.096,1508.026,1522.992,82745
2019-08-16,1523.458,1528.016,1503.76,1513.791,43397
2019-08-19,1512.174,1513.032,1493.409,1495.947,36236
2019-08-20,1495.992,1508.604,1493.062,1507.26,26516
2019-08-21,1507.732,1508.116,1496.634,1502.564,26340
2019-08-22,1502.932,1504.671,1492.592,1497.945,25770
2019-08-23,1498.68,1530.202,1493.661,1527.378,50469
2019-08-26,1539.577,1555.182,1525.205,1527.44,74125
2019-08-27,1527.978,1544.726,1525.836,1542.62,35096
2019-08-28,1542.418,1546.944,1531.989,1539.698,38434
2019-08-29,1539.243,1550.428,1519.686,1527.469,51379
2019-08-30,1527.558,1533.201,1517.175,1520.467,41423
2019-09-02,1528.13,1534.998,1519.421,1529.188,23046
2019-09-03,1529.976,1549.827,1521.722,1547.542,42243
2019-09-04,1547.352,1557.092,1533.978,1552.385,41327
2019-09-05,1552.022,1553.046,1506.492,1518.908,57923
2019-09-06,1517.879,1527.858,1502.707,1506.92,69172
2019-09-09,1506.47,1515.432,1497.744,1498.984,39837
2019-09-10,1498.772,1500.925,1484.705,1485.415,42943
2019-09-11,1485.846,1498.294,1485.31,1496.809,28683
2019-09-12,1497.769,1524.254,1489.34,1499.031,56523
2019-09-13,1498.797,1509.069,1485.956,1488.747,40080
2019-09-16,1504.175,1512.068,1495.972,1498.563,46517
2019-09-17,1498.624,1507.086,1493.586,1501.396,31058
2019-09-18,1501.53,1511.661,1483.374,1494.022,43530
2019-09-19,1493.872,1504.572,1489.187,1498.727,29768
2019-09-20,1499.372,1517.055,1498.137,1516.975,25134
2019-09-23,1514.501,1526.808,1511.092,1522.215,33039
2019-09-24,1522.424,1535.67,1515.727,1532.255,41202
2019-09-25,1532.302,1535.075,1500.562,1503.617,43503
2019-09-26,1504.42,1512.382,1500.402,1504.544,36412
2019-09-27,1505.16,1507.484,1487.105,1497.199,49062
2019-09-30,1495.382,1500.487,1464.556,1472.511,44357
2019-10-01,1472.511,1487.256,1459.195,1478.934,50513
2019-10-02,1479.226,1505.194,1474.631,1499.878,47784
2019-10-03,1499.449,1519.651,1495.895,1504.856,57970
2019-10-04,1505.185,1515.844,1495.844,1504.738,46813
2019-10-07,1511.924,1512.443,1488.132,1493.21,30860
2019-10-08,1493.601,1509.732,1487.112,1505.41,49620
2019-10-09,1505.913,1512.474,1499.956,1505.624,34469
2019-10-10,1505.944,1517.084,1491.299,1493.553,52711
2019-10-11,1494.122,1503.224,1474.128,1488.92,53924
2019-10-14,1488.836,1497.18,1482.965,1493.3,23674
2019-10-15,1493.066,1498.494,1477.338,1481.14,29546
2019-10-16,1481.446,1491.642,1477.24,1489.938,34678
2019-10-17,1490.082,1497.284,1483.517,1491.971,31010
2019-10-18,1492.121,1494.118,1485.055,1490.465,20872
2019-10-21,1491.131,1495.276,1481.642,1484.494,21932
2019-10-22,1485.248,1489.044,1480.922,1487.76,19561
2019-10-23,1488.47,1496.25,1487.777,1492.058,17501
2019-10-24,1492.107,1503.996,1488.109,1503.54,21935
2019-10-25,1503.745,1517.952,1500.716,1504.52,24732
2019-10-28,1504.518,1508.307,1490.146,1492.704,21575
2019-10-29,1492.887,1494.828,1483.59,1487.765,21109
2019-10-30,1488.149,1496.734,1481.264,1495.636,28621
2019-10-31,1496.028,1514.146,1493.841,1512.578,26834
2019-11-01,1512.661,1516.156,1503.394,1514.333,25986
2019-11-04,1513.843,1514.884,1504.554,1509.576,18845
2019-11-05,1509.485,1509.71,1479.475,1483.448,29206
2019-11-06,1482.9,1494.275,1482.489,1490.39,21888
2019-11-07,1489.994,1492.158,1460.617,1468.578,37171
2019-11-08,1468.07,1472.906,1456.306,1459.262,33600
2019-11-11,1459.209,1466.481,1448.32,1455.951,18698
2019-11-12,1455.582,1460.446,1445.692,1456.27,30750
2019-11-13,1456.321,1467.102,1455.889,1463.308,26198
2019-11-14,1463.515,1474.602,1461.198,1471.326,23058
2019-11-15,1471.327,1471.424,1462.599,1468.158,17714
2019-11-18,1467.89,1473.943,1456.452,1471.214,21784
2019-11-19,1471.378,1475.38,1464.858,1472.422,21348
2019-11-20,1472.59,1478.738,1466.008,1471.63,28086
2019-11-21,1475.022,1475.688,1462.511,1464.552,29674
2019-11-22,1464.225,1473.234,1461.476,1462.617,21026
2019-11-25,1460.552,1462.167,1454.226,1455.193,14514
2019-11-26,1455.086,1462.89,1450.178,1461.302,16452
2019-11-27,1461.68,1461.964,1452.706,1454.47,14143
2019-11-28,1454.705,1458.319,1454.312,1456.07,7019
2019-11-29,1455.367,1466.446,1453.155,1463.974,13665
2019-12-02,1463.739,1465.454,1454.145,1462.72,21255
2019-12-03,1462.324,1481.823,1460.019,1477.195,25972
2019-12-04,1477.342,1484.092,1471.514,1474.758,26243
2019-12-05,1474.564,1480.316,1472.968,1475.911,19958
2019-12-06,1475.912,1479.882,1458.914,1460.413,21247
2019-12-09,1460.413,1465.413,1459.121,1461.51,10575
2019-12-10,1461.672,1469.222,1460.18,1464.366,15173
2019-12-11,1464.156,1478.968,1462.846,1474.616,17489
2019-12-12,1474.85,1486.776,1464.128,1469.874,31369
2019-12-13,1467.196,1478.081,1461.915,1476.32,36065
2019-12-16,1475.4,1479.926,1473.283,1476.195,12750
2019-12-17,1476.094,1480.556,1474.342,1476.165,10661
2019-12-18,1476.412,1479.362,1470.58,1475.47,12110
2019-12-19,1475.083,1481.769,1473.354,1478.907,10931
2019-12-20,1479.046,1481.053,1475.918,1478.088,8680
2019-12-23,1478.726,1486.186,1477.594,1485.525,9932
2019-12-24,1485.388,1500.525,1484.472,1499.4,11381
2019-12-26,1499.37,1512.65,1497.601,1511.092,17054
2019-12-27,1511.344,1515.336,1507.422,1511.131,15262
2019-12-30,1511.654,1516.164,1510.884,1515.07,12331
2019-12-31,1514.893,1525.382,1514.825,1517.111,16774
2020-01-02,1519.384,1531.43,1517.309,1529.098,18119
2020-01-03,1529.184,1553.544,1528.054,1552.394,37753
2020-01-06,1560.854,1589.739,1560.672,1565.915,49497
2020-01-07,1565.498,1577.392,1555.384,1574.282,37419
2020-01-08,1575.174,1611.511,1552.366,1556.43,102427
2020-01-09,1556.786,1561.405,1540.246,1552.404,39876
2020-01-10,1552.45,1563.171,1545.784,1562.212,26574
2020-01-13,1562.212,1562.212,1546.59,1548.016,18013
2020-01-14,1548.262,1548.934,1536.016,1546.423,28181
2020-01-15,1546.07,1558.234,1546.07,1556.248,22188
2020-01-16,1556.226,1558.128,1548.13,1552.474,17339
2020-01-17,1552.58,1561.278,1549.45,1557.304,17635
2020-01-20,1557.79,1562.81,1556.445,1560.897,6760
2020-01-21,1561.242,1568.666,1546.418,1558.168,30133
2020-01-22,1558.794,1559.358,1550.289,1558.965,17887
2020-01-23,1559.006,1567.974,1551.987,1562.809,30048
2020-01-24,1562.808,1575.938,1556.62,1571.724,31819
2020-01-27,1580.943,1588.632,1575.946,1581.937,45095
2020-01-28,1581.927,1583.091,1565.606,1567.326,30285
2020-01-29,1567.001,1578.051,1563.447,1576.896,28904
2020-01-30,1577.076,1586.026,1572.387,1574.298,44903
2020-01-31,1574.566,1590.542,1571.03,1589.975,43022
2020-02-03,1591.198,1592.168,1569.663,1576.77,45260
2020-02-04,1578.066,1579.632,1549.138,1552.913,35104
2020-02-05,1553.022,1562.431,1547.566,1556.179,38219
2020-02-06,1555.823,1568.34,1552.556,1566.68,27224
2020-02-07,1566.658,1574.123,1560.492,1570.384,33461
2020-02-10,1572.285,1577.04,1568.078,1572.216,24823
2020-02-11,1572.31,1574.073,1562.166,1567.932,22081
2020-02-12,1568.029,1570.502,1561.969,1565.865,16740
2020-02-13,1566.324,1578.412,1565.651,1576.102,27789
2020-02-14,1576.033,1585.103,1573.151,1583.846,17510
2020-02-17,1582.262,1583.816,1578.939,1581.206,6988
2020-02-18,1584.526,1605.13,1582.534,1601.418,23535
2020-02-19,1601.853,1612.979,1599.607,1611.68,26176
2020-02-20,1611.68,1623.74,1603.95,1619.61,37762
2020-02-21,1620.346,1649.332,1619.034,1643.396,46748
2020-02-24,1643.398,1689.378,1643.398,1658.73,106596
2020-02-25,1663.106,1663.82,1625.263,1634.899,130557
2020-02-26,1634.941,1655.018,1625.062,1640.936,101252
2020-02-27,1639.81,1660.416,1635.416,1644.62,107507
2020-02-28,1644.934,1649.568,1562.997,1586.542,177495
2020-03-02,1592.988,1611.055,1575.604,1589.558,119806
2020-03-03,1588.08,1649.314,1586.744,1640.882,123915
2020-03-04,1640.225,1653.001,1631.954,1636.98,75152
2020-03-05,1638.929,1674.7,1635.106,1672.234,63107
2020-03-06,1672.701,1692.287,1642.316,1674.062,159049
2020-03-09,1694.249,1703.298,1657.665,1680.094,194230
2020-03-10,1679.63,1680.522,1641.718,1649.396,131441
2020-03-11,1649.572,1671.305,1633.214,1634.868,93577
2020-03-12,1634.486,1650.535,1560.806,1577.267,184866
2020-03-13,1576.523,1598.022,1504.783,1529.486,217377
2020-03-16,1565.748,1575.454,1451.432,1515.107,244503
2020-03-17,1510.744,1554.013,1465.818,1528.386,185383
2020-03-18,1527.85,1546.426,1472.712,1486.304,204840
2020-03-19,1485.969,1501.098,1464.316,1472.795,143717
2020-03-20,1470.276,1516.153,1455.32,1499.094,129016
2020-03-23,1501.337,1561.228,1482.823,1553.114,124652
2020-03-24,1553.232,1634.44,1552.933,1627.73,102751
2020-03-25,1629.657,1640.228,1596.376,1617.351,120018
2020-03-26,1615.513,1644.433,1597.794,1630.183,121577
2020-03-27,1634.049,1634.049,1614.898,1627.724,108775
2020-03-30,1628.134,1632.263,1611.864,1622.83,102575
2020-03-31,1623.778,1623.778,1574.805,1577.1,99200
2020-04-01,1573.412,1600.738,1572.827,1591.395,87276
2020-04-02,1589.704,1619.97,1583.224,1612.866,117134
2020-04-03,1614.284,1626.062,1606.82,1618.425,100045
2020-04-06,1617.77,1669.163,1609.26,1661.809,151285
2020-04-07,1665.277,1675.605,1642.9,1648.838,77853
2020-04-08,1649.352,1656.586,1641.474,1645.544,104159
2020-04-09,1645.75,1690.25,1643.836,1683.505,126972
2020-04-13,1688.234,1723.867,1675.045,1713.419,153731
2020-04-14,1714.847,1747.722,1709.449,1727.175,190349
2020-04-15,1729.378,1731.474,1708.284,1715.948,162428
2020-04-16,1716.461,1738.754,1708.0,1718.352,93754
2020-04-17,1716.518,1718.866,1679.804,1683.5,175968
2020-04-20,1682.92,1702.419,1671.218,1696.239,115193
2020-04-21,1695.698,1697.954,1661.416,1687.048,181789
2020-04-22,1687.766,1718.604,1680.478,1714.292,178497
2020-04-23,1713.46,1738.878,1707.418,1731.391,251662
2020-04-24,1731.275,1736.566,1710.857,1729.406,184363
2020-04-27,1726.832,1727.51,1706.545,1713.938,140644
2020-04-28,1712.972,1716.958,1692.285,1708.96,149401
2020-04-29,1707.896,1718.15,1697.185,1712.734,119656
2020-04-30,1713.164,1722.328,1681.554,1686.618,135628
2020-05-01,1686.184,1706.534,1670.909,1701.289,158398
2020-05-04,1699.063,1713.726,1692.108,1701.425,64617
2020-05-05,1702.138,1711.916,1689.827,1705.682,76534
2020-05-06,1706.374,1708.492,1682.62,1685.445,45825
2020-05-07,1684.028,1722.294,1683.842,1715.554,87118
2020-05-08,1716.656,1723.654,1701.374,1702.39,97722
2020-05-11,1702.06,1712.342,1692.126,1697.732,85473
2020-05-12,1697.182,1711.224,1693.948,1702.46,111861
2020-05-13,1702.08,1718.216,1699.259,1716.956,163359
2020-05-14,1716.604,1719.908,1711.268,1715.374,26828
